lsoa,id,Violence and sexual offences,Robbery,personTotal,personRank,personTie,Burglary,Vehicle crime,Bicycle theft,Criminal damage and arson,Other theft,Shoplifting,Theft from the person,propertyTotal,propertyRank,propertyTie
Cheshire West and Chester 001D,E01018537,0,0,0,912,Y,1,0,0,1,0,0,0,2,912,Y
Cheshire West and Chester 004B,E01018569,0,0,0,912,Y,0,0,0,0,0,0,0,0,922,Y
Chorley 010D,E01024940,0,0,0,912,Y,0,0,0,0,0,0,0,0,922,Y
Halton 001A,E01012392,0,0,0,912,Y,0,0,0,0,0,0,0,0,922,Y
Halton 001B,E01012393,0,0,0,912,Y,0,0,0,0,0,0,0,0,922,Y
Halton 003B,E01012410,0,0,0,912,Y,0,0,0,0,1,0,0,1,916,Y
Halton 004D,E01012420,0,0,0,912,Y,1,0,0,0,0,0,0,1,916,Y
Halton 004E,E01012422,0,0,0,912,Y,0,0,0,0,0,0,0,0,922,Y
Halton 008B,E01012391,1,0,1,910,Y,1,0,0,1,1,0,0,3,911,N
Halton 008C,E01012401,0,0,0,912,Y,0,0,0,0,2,0,0,2,912,Y
Knowsley 001A,E01006448,63,0,63,82,Y,20,15,0,55,15,0,1,106,103,Y
Knowsley 001B,E01006492,13,0,13,663,Y,3,2,0,5,1,0,0,11,888,Y
Knowsley 001C,E01006493,27,3,30,312,Y,5,12,3,32,4,0,0,56,333,Y
Knowsley 001D,E01006494,33,0,33,267,Y,9,3,1,39,10,0,0,62,282,Y
Knowsley 001E,E01006495,45,2,47,152,Y,10,15,3,37,10,1,0,76,185,Y
Knowsley 002A,E01006454,7,0,7,814,Y,11,3,0,7,2,0,0,23,757,Y
Knowsley 002B,E01006456,29,2,31,295,Y,11,6,1,21,3,9,0,51,381,Y
Knowsley 002C,E01006457,8,0,8,784,Y,4,4,0,3,4,0,0,15,852,Y
Knowsley 002D,E01006458,15,0,15,617,Y,5,8,0,13,2,0,0,28,686,Y
Knowsley 002E,E01006490,17,0,17,571,Y,6,6,0,9,3,0,0,24,740,Y
Knowsley 002F,E01006491,8,0,8,784,Y,4,4,0,14,3,0,1,26,712,Y
Knowsley 003A,E01006415,26,3,29,324,Y,6,8,0,15,7,0,0,36,573,Y
Knowsley 003B,E01006417,24,1,25,396,Y,10,4,0,26,7,6,0,53,358,Y
Knowsley 003C,E01006436,45,0,45,166,Y,7,10,2,29,10,2,0,60,302,Y
Knowsley 003D,E01006437,87,2,89,31,Y,13,6,4,53,29,144,5,254,20,N
Knowsley 003E,E01006447,17,1,18,544,Y,8,6,2,21,10,0,0,47,416,Y
Knowsley 004A,E01006455,49,1,50,135,Y,8,13,0,25,12,0,1,59,307,Y
Knowsley 004B,E01006506,21,0,21,474,Y,12,7,2,27,5,0,1,54,350,Y
Knowsley 004C,E01006507,37,3,40,200,Y,8,10,1,35,3,1,1,59,307,Y
Knowsley 004D,E01006508,34,1,35,245,Y,6,6,1,19,2,13,1,48,407,Y
Knowsley 004E,E01006509,20,0,20,502,Y,12,6,3,21,5,0,1,48,407,Y
Knowsley 004F,E01006510,14,1,15,617,Y,7,6,1,16,12,23,0,65,258,Y
Knowsley 005A,E01006416,38,0,38,218,Y,7,6,0,11,10,1,1,36,573,Y
Knowsley 005B,E01006418,23,0,23,433,Y,4,8,0,28,6,0,1,47,416,Y
Knowsley 005C,E01006434,21,0,21,474,Y,8,6,3,24,8,0,1,50,394,Y
Knowsley 005D,E01006435,32,0,32,278,Y,7,2,0,26,4,3,0,42,480,Y
Knowsley 005E,E01006438,11,0,11,715,Y,8,10,1,5,9,0,0,33,617,Y
Knowsley 005F,E01006439,13,0,13,663,Y,5,11,0,8,4,0,0,28,686,Y
Knowsley 005G,E01006446,45,0,45,166,Y,20,22,1,22,29,0,0,94,118,Y
Knowsley 006A,E01006412,14,2,16,589,Y,2,3,2,18,0,0,0,25,723,Y
Knowsley 006B,E01006413,28,0,28,338,Y,2,1,1,17,9,0,1,31,650,Y
Knowsley 006C,E01006414,32,3,35,245,Y,3,8,0,15,8,7,1,42,480,Y
Knowsley 006D,E01006441,40,4,44,173,Y,10,23,3,25,9,0,1,71,220,Y
Knowsley 007A,E01006460,44,0,44,173,Y,8,15,1,30,4,3,1,62,282,Y
Knowsley 007B,E01006461,36,2,38,218,Y,7,5,0,28,2,0,1,43,472,Y
Knowsley 007C,E01006463,95,4,99,20,Y,40,39,4,52,52,218,8,413,6,N
Knowsley 007D,E01006464,26,0,26,373,Y,7,5,0,24,6,0,0,42,480,Y
Knowsley 007E,E01006466,24,0,24,414,Y,13,11,1,7,4,23,0,59,307,Y
Knowsley 008A,E01006453,36,0,36,234,Y,5,6,0,12,5,7,1,36,573,Y
Knowsley 008B,E01006467,30,1,31,295,Y,8,6,0,19,7,0,0,40,511,Y
Knowsley 008E,E01006470,30,4,34,257,Y,4,5,1,20,5,0,1,36,573,Y
Knowsley 008F,E01033228,48,0,48,145,Y,7,10,3,34,5,15,1,75,191,Y
Knowsley 009A,E01006459,32,0,32,278,Y,12,13,2,32,4,0,1,64,265,Y
Knowsley 009B,E01006462,12,0,12,696,Y,8,9,0,9,1,0,0,27,698,Y
Knowsley 009C,E01006496,22,1,23,433,Y,6,9,1,14,4,0,0,34,603,Y
Knowsley 009D,E01006498,13,0,13,663,Y,4,7,1,6,1,0,0,19,807,Y
Knowsley 009E,E01006499,75,0,75,49,Y,5,17,2,21,25,14,0,84,141,Y
Knowsley 010A,E01006440,23,0,23,433,Y,3,10,0,32,5,0,0,50,394,Y
Knowsley 010B,E01006442,24,1,25,396,Y,4,12,1,13,8,0,2,40,511,Y
Knowsley 010C,E01006443,20,0,20,502,Y,2,4,1,17,9,2,0,35,588,Y
Knowsley 010D,E01006444,25,1,26,373,Y,15,4,0,21,6,0,0,46,433,Y
Knowsley 010E,E01006445,34,0,34,257,Y,2,7,1,26,3,1,1,41,494,Y
Knowsley 011A,E01006465,26,1,27,357,Y,5,8,0,13,6,1,0,33,617,Y
Knowsley 011B,E01006482,37,1,38,218,Y,4,6,0,31,9,2,1,53,358,Y
Knowsley 011C,E01006483,15,0,15,617,Y,3,3,0,12,4,0,0,22,772,Y
Knowsley 011D,E01006484,21,0,21,474,Y,8,5,0,21,3,0,0,37,555,Y
Knowsley 012A,E01006449,9,1,10,732,Y,3,5,1,6,3,0,0,18,820,Y
Knowsley 012B,E01006450,32,3,35,245,Y,6,5,2,19,6,0,0,38,541,Y
Knowsley 012C,E01006451,23,2,25,396,Y,1,9,0,16,5,0,0,31,650,Y
Knowsley 012D,E01006452,21,0,21,474,Y,3,10,0,14,5,4,0,36,573,Y
Knowsley 013A,E01006497,19,0,19,521,Y,9,9,0,20,6,0,1,45,454,Y
Knowsley 013B,E01006500,17,2,19,521,Y,2,6,0,23,1,0,1,33,617,Y
Knowsley 013C,E01006501,14,0,14,642,Y,9,4,1,13,3,1,0,31,650,Y
Knowsley 013D,E01006504,32,0,32,278,Y,4,5,2,34,5,3,0,53,358,Y
Knowsley 013E,E01006505,27,3,30,312,Y,11,6,2,13,3,6,0,41,494,Y
Knowsley 014A,E01006472,10,1,11,715,Y,11,9,0,15,5,0,0,40,511,Y
Knowsley 014B,E01006485,8,1,9,760,Y,11,8,0,13,0,0,0,32,632,Y
Knowsley 014C,E01006486,4,1,5,859,Y,6,7,0,9,2,0,1,25,723,Y
Knowsley 014D,E01006487,15,0,15,617,Y,5,9,1,14,2,6,0,37,555,Y
Knowsley 014E,E01006488,9,0,9,760,Y,15,11,1,14,2,0,0,43,472,Y
Knowsley 014F,E01006489,9,0,9,760,Y,5,10,1,8,2,0,2,28,686,Y
Knowsley 015A,E01006477,34,0,34,257,Y,7,9,0,18,6,0,0,40,511,Y
Knowsley 015B,E01006478,33,1,34,257,Y,6,15,0,18,10,2,0,51,381,Y
Knowsley 015C,E01006479,14,0,14,642,Y,3,3,1,1,1,0,1,10,897,Y
Knowsley 015D,E01006480,20,0,20,502,Y,1,1,1,11,0,2,0,16,842,Y
Knowsley 015E,E01006481,58,0,58,100,Y,6,11,2,36,39,107,6,207,25,N
Knowsley 016A,E01006471,6,2,8,784,Y,7,12,0,7,0,0,0,26,712,Y
Knowsley 016B,E01006473,13,0,13,663,Y,5,14,0,2,6,0,0,27,698,Y
Knowsley 016C,E01006474,31,0,31,295,Y,13,9,0,11,14,35,4,86,136,Y
Knowsley 016D,E01006475,19,2,21,474,Y,12,8,0,11,5,1,3,40,511,Y
Knowsley 016E,E01006476,9,1,10,732,Y,4,2,0,3,2,0,0,11,888,Y
Knowsley 017A,E01006420,29,0,29,324,Y,11,4,1,27,7,1,0,51,381,Y
Knowsley 017B,E01006424,16,1,17,571,Y,8,11,0,2,11,1,1,34,603,Y
Knowsley 017C,E01006502,11,0,11,715,Y,6,14,1,8,11,2,0,42,480,Y
Knowsley 017D,E01006503,31,1,32,278,Y,9,2,0,15,15,0,1,42,480,Y
Knowsley 018A,E01006421,9,0,9,760,Y,5,4,2,1,1,0,0,13,881,Y
Knowsley 018B,E01006425,11,3,14,642,Y,12,3,1,8,5,0,0,29,674,Y
Knowsley 018C,E01006430,31,0,31,295,Y,3,8,0,10,8,0,2,31,650,Y
Knowsley 018D,E01006433,11,2,13,663,Y,9,8,1,9,2,0,0,29,674,Y
Knowsley 019A,E01006419,7,3,10,732,Y,16,4,3,12,2,0,0,37,555,Y
Knowsley 019B,E01006422,7,1,8,784,Y,8,0,1,5,4,0,0,18,820,Y
Knowsley 019C,E01006423,9,1,10,732,Y,11,4,0,0,0,0,0,15,852,Y
Knowsley 019D,E01006427,21,1,22,457,Y,5,4,1,8,4,7,1,30,666,Y
Knowsley 020A,E01006426,31,1,32,278,Y,5,6,1,16,7,36,2,73,202,Y
Knowsley 020B,E01006428,25,1,26,373,Y,10,14,2,23,5,1,0,55,341,Y
Knowsley 020C,E01006429,28,1,29,324,Y,9,3,3,15,2,2,0,34,603,Y
Knowsley 020D,E01006431,19,3,22,457,Y,11,10,1,13,6,10,0,51,381,Y
Knowsley 020E,E01006432,20,2,22,457,Y,13,5,2,16,4,1,0,41,494,Y
Liverpool 001A,E01006651,10,0,10,732,Y,9,10,1,5,4,0,0,29,674,Y
Liverpool 001B,E01006653,33,0,33,267,Y,11,7,1,22,5,0,0,46,433,Y
Liverpool 001C,E01006655,66,2,68,68,Y,14,11,7,53,24,15,4,128,66,N
Liverpool 001D,E01006658,31,0,31,295,Y,5,4,1,12,8,0,1,31,650,Y
Liverpool 001E,E01006660,46,0,46,157,Y,6,14,0,27,15,50,3,115,83,N
Liverpool 002A,E01006652,27,0,27,357,Y,12,8,0,6,6,0,1,33,617,Y
Liverpool 002B,E01006656,14,1,15,617,Y,17,12,3,12,3,0,0,47,416,Y
Liverpool 002C,E01006657,19,0,19,521,Y,5,9,0,13,8,4,0,39,526,Y
Liverpool 002D,E01006780,20,1,21,474,Y,8,8,2,17,4,0,0,39,526,Y
Liverpool 002E,E01006783,31,3,34,257,Y,7,14,1,14,10,20,3,69,233,Y
Liverpool 003A,E01006781,13,0,13,663,Y,12,7,1,6,3,0,0,29,674,Y
Liverpool 003B,E01006782,32,1,33,267,Y,11,7,0,14,4,14,5,55,341,Y
Liverpool 003C,E01006784,15,1,16,589,Y,6,4,0,6,7,2,1,26,712,Y
Liverpool 003D,E01006785,19,0,19,521,Y,8,9,0,19,1,1,0,38,541,Y
Liverpool 003E,E01006786,17,1,18,544,Y,11,10,0,13,2,1,2,39,526,Y
Liverpool 004A,E01006661,21,2,23,433,Y,13,4,1,15,2,1,1,37,555,Y
Liverpool 004B,E01006662,35,1,36,234,Y,10,17,1,51,7,2,1,89,129,Y
Liverpool 004C,E01006663,16,0,16,589,Y,13,9,5,20,12,1,1,61,293,Y
Liverpool 004D,E01006664,41,3,44,173,Y,15,7,0,76,6,2,1,107,100,Y
Liverpool 004E,E01006669,13,0,13,663,Y,10,6,0,5,1,0,0,22,772,Y
Liverpool 005A,E01006654,18,1,19,521,Y,20,3,0,17,7,10,2,59,307,Y
Liverpool 005B,E01006659,139,2,141,13,N,13,7,5,39,19,0,1,84,141,Y
Liverpool 005C,E01006734,29,2,31,295,Y,10,7,0,23,8,0,0,48,407,Y
Liverpool 005D,E01006735,27,2,29,324,Y,5,9,0,19,4,0,0,37,555,Y
Liverpool 005E,E01006736,16,0,16,589,Y,4,7,0,9,2,0,1,23,757,Y
Liverpool 005F,E01006737,26,0,26,373,Y,2,6,0,17,8,0,1,34,603,Y
Liverpool 006A,E01006787,109,2,111,17,Y,19,13,1,34,7,1,2,77,178,Y
Liverpool 006B,E01006788,15,1,16,589,Y,8,8,0,14,7,0,1,38,541,Y
Liverpool 006C,E01006790,80,3,83,38,N,11,13,1,36,8,4,2,75,191,Y
Liverpool 006D,E01006791,108,3,111,17,Y,28,20,2,55,20,70,4,199,28,N
Liverpool 007A,E01006665,5,0,5,859,Y,9,3,0,4,1,0,0,17,834,Y
Liverpool 007B,E01006666,7,0,7,814,Y,6,6,1,2,4,0,0,19,807,Y
Liverpool 007C,E01006667,20,0,20,502,Y,4,3,1,39,12,1,0,60,302,Y
Liverpool 007D,E01006668,9,0,9,760,Y,3,4,0,0,1,0,0,8,904,Y
Liverpool 007E,E01006670,14,1,15,617,Y,10,6,0,5,0,1,0,22,772,Y
Liverpool 008A,E01006607,31,1,32,278,Y,9,12,0,30,1,0,1,53,358,Y
Liverpool 008B,E01006612,27,0,27,357,Y,11,28,4,30,8,70,5,156,47,Y
Liverpool 008C,E01006729,24,0,24,414,Y,7,13,0,9,6,0,0,35,588,Y
Liverpool 008F,E01032510,45,1,46,157,Y,4,19,1,18,8,0,2,52,374,Y
Liverpool 008G,E01032511,25,0,25,396,Y,17,5,0,17,7,1,0,47,416,Y
Liverpool 009A,E01006608,30,0,30,312,Y,12,21,0,10,2,0,0,45,454,Y
Liverpool 009B,E01006609,32,4,36,234,Y,11,12,1,28,4,0,1,57,327,Y
Liverpool 009C,E01006610,43,2,45,166,Y,23,8,2,19,14,3,1,70,227,Y
Liverpool 009D,E01006613,24,1,25,396,Y,14,25,1,18,6,1,0,65,258,Y
Liverpool 009E,E01006705,62,6,68,68,Y,21,18,5,38,8,18,3,111,91,Y
Liverpool 010A,E01006598,35,1,36,234,Y,9,8,1,26,13,0,1,58,320,Y
Liverpool 010B,E01006599,62,2,64,78,Y,9,15,1,22,10,0,0,57,327,Y
Liverpool 010E,E01006672,64,1,65,75,Y,25,15,3,35,12,6,3,99,109,Y
Liverpool 010F,E01033759,62,1,63,82,Y,17,32,0,33,18,83,3,186,35,N
Liverpool 011A,E01006600,26,1,27,357,Y,9,7,0,19,2,0,1,38,541,Y
Liverpool 011B,E01006603,39,2,41,193,Y,14,27,4,37,9,23,5,119,76,Y
Liverpool 011C,E01006730,49,0,49,140,Y,5,10,0,14,3,0,0,32,632,Y
Liverpool 011D,E01006731,19,2,21,474,Y,2,5,0,3,0,0,0,10,897,Y
Liverpool 011E,E01006732,28,0,28,338,Y,7,18,1,27,7,1,4,65,258,Y
Liverpool 012A,E01006611,58,6,64,78,Y,33,10,1,23,20,19,4,110,95,Y
Liverpool 012B,E01006614,44,0,44,173,Y,25,4,0,28,17,6,0,80,157,Y
Liverpool 012C,E01006615,44,2,46,157,Y,8,6,0,15,8,1,3,41,494,Y
Liverpool 012D,E01006698,48,3,51,128,Y,21,12,0,19,2,0,0,54,350,Y
Liverpool 012E,E01006700,85,12,97,24,Y,42,8,3,44,32,33,6,168,41,N
Liverpool 013A,E01006623,14,1,15,617,Y,8,6,0,3,2,0,1,20,795,Y
Liverpool 013B,E01006624,27,1,28,338,Y,8,12,0,17,10,26,4,77,178,Y
Liverpool 013C,E01006627,26,2,28,338,Y,16,15,2,30,6,1,1,71,220,Y
Liverpool 013D,E01006671,18,1,19,521,Y,11,3,1,7,2,0,1,25,723,Y
Liverpool 014A,E01006699,44,0,44,173,Y,10,4,1,16,9,5,0,45,454,Y
Liverpool 014B,E01006701,40,0,40,200,Y,21,11,2,26,12,7,0,79,168,Y
Liverpool 014C,E01006702,32,0,32,278,Y,5,3,0,43,9,3,0,63,276,Y
Liverpool 014D,E01006703,61,2,63,82,Y,22,21,2,50,16,40,2,153,53,N
Liverpool 014E,E01006778,109,3,112,16,N,57,41,3,47,26,6,1,181,37,N
Liverpool 015A,E01006541,22,3,25,396,Y,13,15,1,11,4,14,1,59,307,Y
Liverpool 015B,E01006543,9,0,9,760,Y,10,18,1,5,3,0,0,37,555,Y
Liverpool 015C,E01006544,22,1,23,433,Y,11,5,0,15,3,0,0,34,603,Y
Liverpool 015D,E01006616,27,1,28,338,Y,12,20,3,15,6,2,1,59,307,Y
Liverpool 015E,E01006762,24,2,26,373,Y,17,5,2,26,9,0,0,59,307,Y
Liverpool 016A,E01006604,27,1,28,338,Y,6,10,1,17,8,0,0,42,480,Y
Liverpool 016B,E01006605,21,1,22,457,Y,12,15,0,15,3,0,0,45,454,Y
Liverpool 016C,E01006618,40,0,40,200,Y,11,11,2,7,13,8,0,52,374,Y
Liverpool 016D,E01006625,25,1,26,373,Y,17,14,0,8,4,27,1,71,220,Y
Liverpool 016E,E01006626,16,0,16,589,Y,14,10,0,11,5,0,0,40,511,Y
Liverpool 017A,E01006637,38,1,39,211,Y,12,15,3,37,9,9,4,89,129,Y
Liverpool 017B,E01006638,19,1,20,502,Y,11,3,1,22,4,0,0,41,494,Y
Liverpool 017C,E01006639,19,0,19,521,Y,8,12,2,19,3,0,0,44,463,Y
Liverpool 017D,E01006644,33,6,39,211,Y,14,11,2,34,9,3,0,73,202,Y
Liverpool 017E,E01006645,26,0,26,373,Y,9,5,2,14,7,0,1,38,541,Y
Liverpool 018A,E01006542,40,1,41,193,Y,11,21,0,17,16,1,5,71,220,Y
Liverpool 018B,E01006558,77,3,80,43,Y,14,21,0,27,17,2,1,82,150,Y
Liverpool 018E,E01006562,50,0,50,135,Y,13,3,1,13,10,0,0,40,511,Y
Liverpool 018F,E01033747,13,0,13,663,Y,6,25,1,26,3,0,0,61,293,Y
Liverpool 019A,E01006545,28,1,29,324,Y,12,15,0,19,7,1,5,59,307,Y
Liverpool 019B,E01006546,49,1,50,135,Y,14,4,2,23,7,7,4,61,293,Y
Liverpool 019C,E01006547,71,1,72,58,N,29,14,3,39,18,14,8,125,67,Y
Liverpool 019D,E01006548,46,3,49,140,Y,15,7,0,23,20,0,6,71,220,Y
Liverpool 019E,E01006766,86,11,97,24,Y,28,9,2,52,18,7,3,119,76,Y
Liverpool 019F,E01006767,72,2,74,53,Y,27,15,0,23,12,0,1,78,176,Y
Liverpool 020A,E01006606,40,2,42,186,Y,15,16,1,28,4,2,1,67,244,Y
Liverpool 020B,E01006761,87,9,96,26,Y,20,30,6,49,22,40,5,172,39,N
Liverpool 020C,E01006763,26,2,28,338,Y,12,11,1,26,11,0,1,62,282,Y
Liverpool 020D,E01006764,41,0,41,193,Y,13,6,0,26,5,13,3,66,254,Y
Liverpool 020E,E01006765,33,2,35,245,Y,9,14,0,15,5,1,1,45,454,Y
Liverpool 020F,E01006768,26,0,26,373,Y,10,12,2,17,10,1,1,53,358,Y
Liverpool 021A,E01006617,37,4,41,193,Y,13,26,3,17,8,8,1,76,185,Y
Liverpool 021B,E01006619,14,0,14,642,Y,16,13,0,14,4,33,0,80,157,Y
Liverpool 021C,E01006620,8,1,9,760,Y,13,12,2,26,0,0,0,53,358,Y
Liverpool 021D,E01006621,15,1,16,589,Y,14,20,0,14,4,0,0,52,374,Y
Liverpool 021E,E01006622,13,2,15,617,Y,4,11,0,13,1,6,0,35,588,Y
Liverpool 021F,E01006640,24,0,24,414,Y,14,12,1,10,2,0,0,39,526,Y
Liverpool 022B,E01006776,30,2,32,278,Y,31,43,1,33,28,18,1,155,50,N
Liverpool 022D,E01006779,40,2,42,186,Y,15,7,1,49,3,0,0,75,191,Y
Liverpool 022E,E01033764,91,8,99,20,Y,26,26,6,56,18,3,2,137,62,N
Liverpool 023A,E01006560,68,2,70,61,Y,12,29,4,46,10,2,1,104,107,Y
Liverpool 023B,E01006564,36,4,40,200,Y,9,15,0,17,12,0,4,57,327,Y
Liverpool 023C,E01006646,62,3,65,75,Y,14,35,2,45,21,3,4,124,70,N
Liverpool 023D,E01006648,73,6,79,45,N,15,27,5,76,17,0,4,144,58,Y
Liverpool 024A,E01006540,66,2,68,68,Y,32,15,2,28,28,1,0,106,103,Y
Liverpool 024B,E01006563,78,8,86,36,N,28,25,2,38,19,153,3,268,15,N
Liverpool 024C,E01006647,33,0,33,267,Y,18,10,2,33,9,2,1,75,191,Y
Liverpool 024D,E01006693,32,6,38,218,Y,19,10,0,23,4,1,0,57,327,Y
Liverpool 025A,E01006572,24,2,26,373,Y,9,8,1,17,3,0,0,38,541,Y
Liverpool 025B,E01006574,11,0,11,715,Y,13,2,0,11,4,1,0,31,650,Y
Liverpool 025C,E01006641,17,0,17,571,Y,11,8,0,14,4,0,0,37,555,Y
Liverpool 025D,E01006642,26,1,27,357,Y,8,8,3,22,5,0,1,47,416,Y
Liverpool 025E,E01006643,45,1,46,157,Y,17,12,2,29,12,2,1,75,191,Y
Liverpool 026A,E01006567,52,0,52,122,Y,18,23,3,40,23,42,5,154,51,Y
Liverpool 026B,E01006568,6,0,6,839,Y,15,10,1,4,3,0,0,33,617,Y
Liverpool 026C,E01006570,31,0,31,295,Y,11,13,7,11,11,5,0,58,320,Y
Liverpool 026D,E01006571,39,5,44,173,Y,16,17,0,28,10,16,0,87,133,Y
Liverpool 027A,E01006711,52,6,58,100,Y,16,27,2,27,10,27,5,114,84,Y
Liverpool 027D,E01006717,27,4,31,295,Y,19,19,1,17,13,17,0,86,136,Y
Liverpool 027E,E01006718,21,1,22,457,Y,21,23,0,19,6,3,0,72,208,Y
Liverpool 027F,E01006719,11,1,12,696,Y,8,17,0,5,1,0,0,31,650,Y
Liverpool 027G,E01032508,78,4,82,39,Y,14,14,3,19,19,99,8,176,38,N
Liverpool 027H,E01032509,44,2,46,157,Y,12,12,3,18,12,0,3,60,302,Y
Liverpool 028A,E01006690,62,6,68,68,Y,39,37,3,31,35,4,7,156,47,Y
Liverpool 028B,E01006692,69,0,69,65,Y,38,28,5,40,23,9,6,149,55,Y
Liverpool 028C,E01006695,86,1,87,34,Y,35,21,3,47,15,0,2,123,71,Y
Liverpool 028D,E01006759,28,3,31,295,Y,12,23,0,8,6,0,2,51,381,Y
Liverpool 028E,E01006760,109,21,130,15,N,39,21,1,47,27,7,7,149,55,Y
Liverpool 029A,E01006565,35,0,35,245,Y,10,18,1,10,4,8,0,51,381,Y
Liverpool 029B,E01006569,35,0,35,245,Y,12,15,0,20,6,0,2,55,341,Y
Liverpool 029C,E01006573,30,0,30,312,Y,18,12,1,13,9,52,7,112,88,Y
Liverpool 029D,E01006712,20,2,22,457,Y,8,8,0,5,2,1,1,25,723,Y
Liverpool 029E,E01006713,19,0,19,521,Y,6,12,1,8,2,6,1,36,573,Y
Liverpool 030A,E01006691,38,1,39,211,Y,29,12,1,21,3,0,1,67,244,Y
Liverpool 030B,E01006694,67,6,73,56,Y,41,18,4,30,17,1,0,111,91,Y
Liverpool 030C,E01006696,56,7,63,82,Y,45,19,6,47,13,3,2,135,63,N
Liverpool 030D,E01006697,71,6,77,46,Y,43,22,3,41,27,56,4,196,30,N
Liverpool 030E,E01006746,35,3,38,218,Y,20,57,2,27,13,1,2,122,74,N
Liverpool 031A,E01006512,23,2,25,396,Y,16,11,36,12,26,161,2,264,16,Y
Liverpool 031B,E01006747,150,4,154,11,N,40,41,50,53,54,61,18,317,10,Y
Liverpool 031C,E01006748,29,4,33,267,Y,29,14,1,14,8,0,1,67,244,Y
Liverpool 031F,E01006751,51,6,57,103,Y,25,21,6,40,10,7,1,110,95,Y
Liverpool 031G,E01033763,39,0,39,211,Y,32,14,2,37,18,8,0,111,91,Y
Liverpool 032A,E01006566,20,0,20,502,Y,19,19,0,9,3,0,0,50,394,Y
Liverpool 032B,E01006585,22,2,24,414,Y,11,16,0,13,3,3,1,47,416,Y
Liverpool 032C,E01006586,47,7,54,116,Y,27,14,2,43,18,20,1,125,67,Y
Liverpool 032D,E01006587,25,0,25,396,Y,25,11,1,17,8,0,1,63,276,Y
Liverpool 032E,E01006716,54,3,57,103,Y,11,13,1,27,15,16,1,84,141,Y
Liverpool 034A,E01006575,22,1,23,433,Y,19,15,3,17,5,2,0,61,293,Y
Liverpool 034B,E01006576,24,0,24,414,Y,27,24,1,14,2,0,0,68,239,Y
Liverpool 034C,E01006577,10,0,10,732,Y,18,14,0,6,2,0,1,41,494,Y
Liverpool 034D,E01006579,2,2,4,880,Y,20,11,0,2,1,0,1,35,588,Y
Liverpool 034E,E01006584,41,2,43,183,Y,20,24,2,22,11,0,1,80,157,Y
Liverpool 035A,E01006720,87,3,90,30,N,54,38,1,48,27,9,5,182,36,N
Liverpool 035B,E01006725,28,1,29,324,Y,15,13,0,20,11,1,0,60,302,Y
Liverpool 035C,E01006726,35,1,36,234,Y,27,18,1,22,8,0,0,76,185,Y
Liverpool 035D,E01006727,12,0,12,696,Y,15,11,1,11,8,0,0,46,433,Y
Liverpool 035E,E01006728,46,0,46,157,Y,21,13,0,27,11,0,2,74,198,Y
Liverpool 035F,E01006752,43,4,47,152,Y,28,8,3,23,2,1,4,69,233,Y
Liverpool 036A,E01006578,8,2,10,732,Y,19,18,0,4,1,2,0,44,463,Y
Liverpool 036B,E01006580,4,0,4,880,Y,9,9,0,5,3,0,0,26,712,Y
Liverpool 036C,E01006581,5,3,8,784,Y,11,10,2,6,8,4,0,41,494,Y
Liverpool 036D,E01006773,7,1,8,784,Y,20,13,0,2,2,0,0,37,555,Y
Liverpool 036E,E01006774,11,1,12,696,Y,7,11,1,7,4,0,0,30,666,Y
Liverpool 037A,E01006514,40,2,42,186,Y,18,26,17,38,39,0,3,141,60,Y
Liverpool 037B,E01006515,74,7,81,42,N,18,59,11,46,15,1,9,159,45,N
Liverpool 037D,E01006673,69,1,70,61,Y,19,12,13,40,8,2,3,97,112,N
Liverpool 037E,E01033757,13,3,16,589,Y,8,2,2,3,2,1,0,18,820,Y
Liverpool 037F,E01033768,37,2,39,211,Y,28,6,9,27,4,0,3,77,178,Y
Liverpool 038A,E01006550,16,1,17,571,Y,36,26,4,9,5,27,1,108,99,N
Liverpool 038B,E01006557,54,3,57,103,Y,54,24,11,30,29,70,2,220,24,N
Liverpool 038C,E01006721,43,4,47,152,Y,19,16,7,31,15,2,0,90,126,Y
Liverpool 038D,E01006722,24,0,24,414,Y,47,16,4,14,11,24,0,116,81,Y
Liverpool 038E,E01006723,31,4,35,245,Y,15,13,1,9,11,12,3,64,265,Y
Liverpool 038F,E01006724,15,0,15,617,Y,23,28,1,11,2,0,0,65,258,Y
Liverpool 039A,E01006552,32,0,32,278,Y,34,10,3,24,5,1,0,77,178,Y
Liverpool 039B,E01006556,74,2,76,48,N,28,19,1,38,20,1,6,113,87,N
Liverpool 039C,E01006674,70,4,74,53,Y,28,22,6,40,15,1,0,112,88,Y
Liverpool 039D,E01006679,94,2,96,26,Y,31,18,9,51,18,0,4,131,65,N
Liverpool 040A,E01006709,26,2,28,338,Y,5,3,2,13,6,1,2,32,632,Y
Liverpool 040B,E01006769,19,2,21,474,Y,9,7,0,15,3,0,1,35,588,Y
Liverpool 040C,E01006770,12,1,13,663,Y,0,0,0,11,3,0,0,14,868,Y
Liverpool 040D,E01006771,66,0,66,72,Y,13,23,4,39,26,79,5,189,33,N
Liverpool 040E,E01006772,10,0,10,732,Y,1,5,0,10,4,0,1,21,782,Y
Liverpool 040F,E01006775,21,1,22,457,Y,3,7,0,10,3,0,0,23,757,Y
Liverpool 041A,E01006582,26,2,28,338,Y,13,24,2,7,6,4,0,56,333,Y
Liverpool 041B,E01006589,9,0,9,760,Y,24,10,0,4,2,1,0,41,494,Y
Liverpool 041C,E01006591,23,4,27,357,Y,13,13,1,3,4,11,2,47,416,Y
Liverpool 041D,E01006592,11,1,12,696,Y,25,9,0,12,1,0,0,47,416,Y
Liverpool 041E,E01006597,6,0,6,839,Y,9,1,0,7,1,0,0,18,820,Y
Liverpool 042A,E01006553,21,0,21,474,Y,33,28,1,8,3,0,1,74,198,Y
Liverpool 042C,E01006588,17,1,18,544,Y,16,16,2,16,8,0,0,58,320,Y
Liverpool 042D,E01006590,15,1,16,589,Y,18,9,1,4,3,0,1,36,573,Y
Liverpool 042E,E01006593,17,4,21,474,Y,14,26,3,13,13,37,0,106,103,Y
Liverpool 042F,E01033749,3,0,3,896,Y,5,5,0,3,3,2,0,18,820,Y
Liverpool 042G,E01033766,5,0,5,859,Y,11,18,0,3,2,0,0,34,603,Y
Liverpool 043A,E01006520,40,2,42,186,Y,23,22,6,19,11,3,2,86,136,Y
Liverpool 043B,E01006549,23,1,24,414,Y,21,12,2,17,13,0,0,65,258,Y
Liverpool 043C,E01006675,62,2,64,78,Y,16,18,5,27,17,1,3,87,133,Y
Liverpool 043D,E01006677,11,0,11,715,Y,5,5,3,15,10,0,0,38,541,Y
Liverpool 044A,E01006518,49,2,51,128,Y,11,8,3,33,11,0,0,66,254,Y
Liverpool 044B,E01006630,49,3,52,122,Y,13,8,2,29,7,1,2,62,282,Y
Liverpool 044C,E01006632,54,6,60,95,Y,10,8,3,34,10,51,2,118,78,Y
Liverpool 044D,E01006676,54,1,55,110,Y,10,10,4,46,4,0,2,76,185,Y
Liverpool 044E,E01006678,49,6,55,110,Y,18,15,3,28,17,1,2,84,141,Y
Liverpool 045A,E01006706,17,0,17,571,Y,5,2,0,7,5,0,1,20,795,Y
Liverpool 045B,E01006707,23,4,27,357,Y,1,4,0,9,1,0,0,15,852,Y
Liverpool 045C,E01006708,15,0,15,617,Y,5,3,1,13,4,0,1,27,698,Y
Liverpool 045D,E01006710,13,1,14,642,Y,4,6,0,7,2,0,1,20,795,Y
Liverpool 046A,E01006792,21,0,21,474,Y,20,11,1,8,1,1,0,42,480,Y
Liverpool 046B,E01006794,27,4,31,295,Y,18,6,2,18,4,1,2,51,381,Y
Liverpool 046C,E01006800,5,8,13,663,Y,7,9,1,8,4,7,1,37,555,Y
Liverpool 046D,E01006801,6,1,7,814,Y,7,1,0,4,2,0,0,14,868,Y
Liverpool 047A,E01006532,15,1,16,589,Y,23,14,0,10,4,0,1,52,374,Y
Liverpool 047B,E01006539,21,0,21,474,Y,15,18,5,14,8,18,1,79,168,Y
Liverpool 047C,E01006583,7,0,7,814,Y,14,5,0,2,5,0,0,26,712,Y
Liverpool 047D,E01006594,7,1,8,784,Y,10,4,1,0,0,0,0,15,852,Y
Liverpool 047E,E01006796,28,0,28,338,Y,8,4,0,7,4,0,0,23,757,Y
Liverpool 048A,E01006522,66,11,77,46,Y,23,36,9,26,27,7,13,141,60,Y
Liverpool 048B,E01006524,13,0,13,663,Y,29,20,7,11,5,0,0,72,208,Y
Liverpool 048C,E01006526,15,2,17,571,Y,14,19,2,6,6,0,0,47,416,Y
Liverpool 048D,E01006529,16,0,16,589,Y,13,11,3,15,5,0,1,48,407,Y
Liverpool 048E,E01006551,29,3,32,278,Y,21,19,1,11,10,10,1,73,202,Y
Liverpool 048F,E01006554,30,1,31,295,Y,24,16,5,17,10,1,0,73,202,Y
Liverpool 049A,E01006525,6,1,7,814,Y,19,10,0,4,2,0,0,35,588,Y
Liverpool 049B,E01006595,13,0,13,663,Y,17,19,1,13,6,0,0,56,333,Y
Liverpool 049C,E01006596,16,2,18,544,Y,9,5,1,11,7,12,3,48,407,Y
Liverpool 049D,E01006689,20,0,20,502,Y,17,13,2,7,8,20,0,67,244,Y
Liverpool 050B,E01006633,28,1,29,324,Y,7,3,3,16,0,39,0,68,239,Y
Liverpool 050F,E01032505,19,0,19,521,Y,10,11,0,21,7,0,1,50,394,Y
Liverpool 050G,E01032506,35,0,35,245,Y,11,6,1,19,8,0,1,46,433,Y
Liverpool 050H,E01032507,15,0,15,617,Y,2,12,2,4,4,2,0,26,712,Y
Liverpool 050I,E01033748,24,0,24,414,Y,8,15,6,8,4,0,2,43,472,Y
Liverpool 050J,E01033767,10,0,10,732,Y,2,3,0,14,5,0,1,25,723,Y
Liverpool 051A,E01006793,11,0,11,715,Y,7,1,1,5,3,0,0,17,834,Y
Liverpool 051B,E01006795,20,1,21,474,Y,5,14,1,16,6,1,4,47,416,Y
Liverpool 051C,E01006797,16,1,17,571,Y,9,6,0,14,4,0,0,33,617,Y
Liverpool 051D,E01006798,7,0,7,814,Y,9,3,2,6,2,17,1,40,511,Y
Liverpool 051E,E01006799,18,0,18,544,Y,16,8,0,22,12,23,1,82,150,Y
Liverpool 052A,E01006521,21,6,27,357,Y,24,19,1,13,9,0,5,71,220,Y
Liverpool 052B,E01006523,18,2,20,502,Y,19,24,5,9,6,0,1,64,265,Y
Liverpool 052C,E01006528,17,7,24,414,Y,3,9,1,9,1,1,0,24,740,Y
Liverpool 052D,E01006628,11,4,15,617,Y,24,18,1,12,5,6,0,66,254,Y
Liverpool 052E,E01006629,13,1,14,642,Y,5,18,1,12,3,1,1,41,494,Y
Liverpool 053A,E01006527,8,0,8,784,Y,13,11,0,4,4,0,1,33,617,Y
Liverpool 053B,E01006680,9,1,10,732,Y,16,7,0,4,3,2,0,32,632,Y
Liverpool 053C,E01006682,2,1,3,896,Y,13,7,0,3,3,1,0,27,698,Y
Liverpool 053D,E01006683,7,0,7,814,Y,11,7,0,4,2,0,0,24,740,Y
Liverpool 053E,E01006686,8,0,8,784,Y,13,4,0,1,0,0,0,18,820,Y
Liverpool 054A,E01006534,27,0,27,357,Y,17,9,1,10,2,0,0,39,526,Y
Liverpool 054B,E01006535,22,1,23,433,Y,10,4,1,10,7,0,3,35,588,Y
Liverpool 054C,E01006536,22,1,23,433,Y,2,13,1,15,4,0,0,35,588,Y
Liverpool 054D,E01006681,25,1,26,373,Y,5,7,0,6,2,0,0,20,795,Y
Liverpool 055A,E01006530,11,1,12,696,Y,3,7,0,1,1,10,0,22,772,Y
Liverpool 055B,E01006531,4,0,4,880,Y,7,2,0,3,0,0,0,12,886,Y
Liverpool 055C,E01006533,17,1,18,544,Y,7,16,0,10,9,1,2,45,454,Y
Liverpool 055D,E01006537,39,1,40,200,Y,24,54,11,35,25,83,3,235,22,N
Liverpool 055E,E01006538,12,0,12,696,Y,12,9,5,14,15,26,1,82,150,Y
Liverpool 056A,E01006519,13,1,14,642,Y,14,4,1,3,1,1,0,24,740,Y
Liverpool 056B,E01006684,17,5,22,457,Y,23,19,5,8,8,0,1,64,265,Y
Liverpool 056C,E01006685,19,2,21,474,Y,24,6,0,9,8,0,0,47,416,Y
Liverpool 056D,E01006687,26,1,27,357,Y,19,13,1,11,8,28,0,80,157,Y
Liverpool 056E,E01006688,9,1,10,732,Y,16,8,3,23,4,1,0,55,341,Y
Liverpool 057A,E01006740,50,2,52,122,Y,12,21,3,21,3,6,3,69,233,Y
Liverpool 057B,E01006742,18,0,18,544,Y,7,7,5,17,5,0,0,41,494,Y
Liverpool 057C,E01006744,18,1,19,521,Y,9,15,4,14,4,0,0,46,433,Y
Liverpool 057D,E01006745,51,3,54,116,Y,14,16,4,31,8,8,0,81,154,Y
Liverpool 058A,E01006738,14,0,14,642,Y,3,14,1,15,6,0,0,39,526,Y
Liverpool 058B,E01006739,53,2,55,110,Y,22,23,4,22,20,5,0,96,113,Y
Liverpool 058C,E01006741,53,1,54,116,Y,17,30,1,42,36,25,11,162,44,N
Liverpool 058D,E01006743,63,0,63,82,Y,13,29,5,42,33,129,2,253,21,N
Liverpool 059A,E01006753,20,1,21,474,Y,2,3,0,8,6,0,0,19,807,Y
Liverpool 059B,E01006754,40,2,42,186,Y,11,9,2,18,10,3,1,54,350,Y
Liverpool 059C,E01006755,64,2,66,72,Y,17,22,6,46,26,49,5,171,40,N
Liverpool 059D,E01006756,38,1,39,211,Y,15,12,1,11,9,0,0,48,407,Y
Liverpool 059E,E01006757,20,1,21,474,Y,2,1,1,15,2,0,0,21,782,Y
Liverpool 059F,E01006758,23,0,23,433,Y,6,5,1,12,4,1,0,29,674,Y
Liverpool 060A,E01006513,179,14,193,8,N,48,67,44,54,129,14,75,431,5,N
Liverpool 060B,E01033758,69,6,75,49,Y,29,59,3,41,20,69,5,226,23,N
Liverpool 060C,E01033760,630,23,653,2,N,81,47,63,103,387,716,189,1586,2,N
Liverpool 060D,E01033761,238,12,250,5,N,21,14,6,25,156,9,99,330,9,N
Liverpool 060E,E01033762,132,7,139,14,N,31,28,19,33,48,17,26,202,27,N
Liverpool 061A,E01033750,44,1,45,166,Y,6,21,5,19,46,2,19,118,78,Y
Liverpool 061B,E01033754,88,11,99,20,Y,20,62,27,44,37,52,18,260,19,N
Liverpool 061C,E01033756,702,38,740,1,N,62,55,105,110,505,614,383,1834,1,N
Liverpool 061D,E01033765,45,3,48,145,Y,11,12,2,33,15,20,0,93,121,Y
Liverpool 062A,E01033751,38,2,40,200,Y,11,71,5,36,15,15,3,156,47,Y
Liverpool 062B,E01033752,133,10,143,12,N,33,31,28,45,89,36,26,288,14,N
Liverpool 062C,E01033753,40,2,42,186,Y,8,10,10,21,16,5,2,72,208,Y
Liverpool 062D,E01033755,45,1,46,157,Y,12,15,7,12,11,0,5,62,282,Y
Sefton 001A,E01006946,4,1,5,859,Y,5,3,0,3,4,6,0,21,782,Y
Sefton 001B,E01007028,7,0,7,814,Y,8,11,1,3,2,0,0,25,723,Y
Sefton 001C,E01007029,5,0,5,859,Y,4,1,0,6,3,0,0,14,868,Y
Sefton 001D,E01007030,18,0,18,544,Y,13,6,0,13,3,1,0,36,573,Y
Sefton 001E,E01007036,5,0,5,859,Y,7,4,0,2,2,0,0,15,852,Y
Sefton 002A,E01006947,11,0,11,715,Y,4,3,0,2,0,12,0,21,782,Y
Sefton 002B,E01007031,8,0,8,784,Y,11,3,0,8,3,0,0,25,723,Y
Sefton 002C,E01007032,14,0,14,642,Y,12,5,3,14,7,12,0,53,358,Y
Sefton 002D,E01007033,12,0,12,696,Y,6,4,0,7,4,0,0,21,782,Y
Sefton 002E,E01007035,8,0,8,784,Y,4,3,1,3,2,0,1,14,868,Y
Sefton 003A,E01006944,21,0,21,474,Y,11,14,3,14,10,1,1,54,350,Y
Sefton 003B,E01006948,22,1,23,433,Y,5,1,6,9,4,0,1,26,712,Y
Sefton 003C,E01006949,3,1,4,880,Y,5,4,2,1,5,1,1,19,807,Y
Sefton 003D,E01006951,16,0,16,589,Y,6,6,2,4,1,1,0,20,795,Y
Sefton 003E,E01007034,5,0,5,859,Y,7,1,0,1,2,0,0,11,888,Y
Sefton 004A,E01006945,49,0,49,140,Y,15,11,6,23,6,29,0,90,126,Y
Sefton 004B,E01006950,57,3,60,95,Y,9,12,27,19,23,13,1,104,107,Y
Sefton 004C,E01006968,303,4,307,3,N,52,27,72,103,133,263,40,690,4,N
Sefton 004D,E01006969,36,0,36,234,Y,16,11,14,14,17,69,3,144,58,Y
Sefton 004F,E01033094,63,1,64,78,Y,12,11,8,15,20,2,3,71,220,Y
Sefton 004G,E01033097,40,0,40,200,Y,22,4,5,16,18,35,5,105,106,N
Sefton 005A,E01007055,20,0,20,502,Y,6,2,0,15,7,0,1,31,650,Y
Sefton 005B,E01007056,13,0,13,663,Y,6,7,0,11,6,0,0,30,666,Y
Sefton 005C,E01007057,26,0,26,373,Y,11,8,1,10,4,0,0,34,603,Y
Sefton 005D,E01007062,7,0,7,814,Y,13,3,0,5,12,6,2,41,494,Y
Sefton 005E,E01007063,16,0,16,589,Y,7,2,0,7,10,14,0,40,511,Y
Sefton 006A,E01007058,14,2,16,589,Y,10,8,2,9,8,6,0,43,472,Y
Sefton 006B,E01007059,18,0,18,544,Y,8,9,0,14,5,0,0,36,573,Y
Sefton 006C,E01007060,24,2,26,373,Y,12,8,6,10,9,9,2,56,333,Y
Sefton 006D,E01007061,12,0,12,696,Y,9,7,1,5,1,5,0,28,686,Y
Sefton 006E,E01007064,14,0,14,642,Y,18,12,0,2,4,0,0,36,573,Y
Sefton 007A,E01006934,16,0,16,589,Y,20,4,5,21,5,22,0,77,178,Y
Sefton 007B,E01006970,37,1,38,218,Y,23,8,3,20,7,1,2,64,265,Y
Sefton 007C,E01006994,39,1,40,200,Y,9,11,3,20,11,11,3,68,239,Y
Sefton 007D,E01006996,28,2,30,312,Y,14,7,3,16,10,2,1,53,358,Y
Sefton 007E,E01006998,25,0,25,396,Y,12,6,3,12,7,0,0,40,511,Y
Sefton 008A,E01006995,23,0,23,433,Y,11,9,1,7,3,0,0,31,650,Y
Sefton 008B,E01006997,25,0,25,396,Y,10,3,3,9,6,3,1,35,588,Y
Sefton 008C,E01006999,21,0,21,474,Y,5,4,7,10,17,47,6,96,113,Y
Sefton 008D,E01007000,20,0,20,502,Y,6,1,1,9,7,0,0,24,740,Y
Sefton 008E,E01007001,30,0,30,312,Y,15,13,3,20,9,7,0,67,244,Y
Sefton 008F,E01007002,8,0,8,784,Y,5,2,1,4,3,0,0,15,852,Y
Sefton 009A,E01006928,9,0,9,760,Y,31,6,2,7,4,3,0,53,358,Y
Sefton 009B,E01006935,5,0,5,859,Y,6,7,0,10,1,0,0,24,740,Y
Sefton 009C,E01006971,22,2,24,414,Y,23,15,4,20,15,6,5,88,131,Y
Sefton 009D,E01006972,18,0,18,544,Y,14,7,2,11,6,5,1,46,433,Y
Sefton 009E,E01006973,14,0,14,642,Y,6,8,2,1,2,0,0,19,807,Y
Sefton 009F,E01006974,9,0,9,760,Y,16,5,2,5,3,0,2,33,617,Y
Sefton 010A,E01006929,18,0,18,544,Y,8,2,1,10,3,0,1,25,723,Y
Sefton 010B,E01006930,18,0,18,544,Y,3,1,1,5,1,0,0,11,888,Y
Sefton 010C,E01006931,9,0,9,760,Y,10,7,1,4,7,12,0,41,494,Y
Sefton 010D,E01006932,8,1,9,760,Y,16,4,1,5,3,0,0,29,674,Y
Sefton 010E,E01006933,13,0,13,663,Y,4,3,2,8,7,0,0,24,740,Y
Sefton 011A,E01006920,24,0,24,414,Y,9,7,3,18,7,13,1,58,320,Y
Sefton 011B,E01006924,32,0,32,278,Y,8,0,2,14,5,0,0,29,674,Y
Sefton 011C,E01006925,13,0,13,663,Y,10,2,0,8,4,0,1,25,723,Y
Sefton 011D,E01006927,19,0,19,521,Y,11,6,0,8,9,4,1,39,526,Y
Sefton 012A,E01006921,9,0,9,760,Y,9,1,0,4,4,0,0,18,820,Y
Sefton 012B,E01006922,48,0,48,145,Y,14,7,0,13,25,0,4,63,276,Y
Sefton 012C,E01006923,12,0,12,696,Y,5,4,0,4,1,0,0,14,868,Y
Sefton 012D,E01006926,10,0,10,732,Y,11,10,3,6,5,0,1,36,573,Y
Sefton 013A,E01006985,13,0,13,663,Y,11,5,2,9,1,0,1,29,674,Y
Sefton 013B,E01006986,14,1,15,617,Y,9,4,0,7,5,0,0,25,723,Y
Sefton 013C,E01006987,4,0,4,880,Y,15,6,2,0,8,3,0,34,603,Y
Sefton 013D,E01006989,4,1,5,859,Y,10,0,1,2,1,0,0,14,868,Y
Sefton 013E,E01006990,3,0,3,896,Y,5,3,0,6,1,0,0,15,852,Y
Sefton 014A,E01006988,5,0,5,859,Y,9,5,1,10,2,0,0,27,698,Y
Sefton 014B,E01007079,5,0,5,859,Y,4,6,2,14,4,1,0,31,650,Y
Sefton 014C,E01007080,19,0,19,521,Y,8,5,0,2,5,0,0,20,795,Y
Sefton 014D,E01007081,27,5,32,278,Y,18,5,11,20,14,61,4,133,64,N
Sefton 015A,E01006991,10,1,11,715,Y,10,3,0,3,2,0,0,18,820,Y
Sefton 015B,E01006992,6,0,6,839,Y,8,2,0,2,4,0,0,16,842,Y
Sefton 015C,E01006993,13,0,13,663,Y,3,7,2,5,1,0,1,19,807,Y
Sefton 015D,E01007078,5,1,6,839,Y,9,1,0,6,6,0,1,23,757,Y
Sefton 016A,E01007075,12,0,12,696,Y,3,6,1,4,2,4,1,21,782,Y
Sefton 016B,E01007076,14,0,14,642,Y,3,8,2,8,7,0,0,28,686,Y
Sefton 016C,E01007077,23,0,23,433,Y,6,3,1,2,12,13,0,37,555,Y
Sefton 016D,E01007082,11,1,12,696,Y,1,6,2,3,2,8,0,22,772,Y
Sefton 017A,E01007067,10,0,10,732,Y,5,2,0,8,1,0,1,17,834,Y
Sefton 017B,E01007068,8,0,8,784,Y,3,1,0,2,0,0,0,6,910,N
Sefton 017C,E01007069,4,0,4,880,Y,5,4,0,1,4,0,0,14,868,Y
Sefton 017D,E01007070,4,0,4,880,Y,6,3,0,9,3,0,1,22,772,Y
Sefton 017E,E01007101,9,0,9,760,Y,4,4,0,8,3,0,0,19,807,Y
Sefton 018C,E01007095,22,2,24,414,Y,9,6,1,14,9,6,1,46,433,Y
Sefton 018D,E01007096,2,0,2,907,Y,6,2,1,12,2,6,0,29,674,Y
Sefton 018E,E01007100,6,1,7,814,Y,5,0,0,3,6,1,0,15,852,Y
Sefton 018F,E01033096,92,0,92,29,N,8,5,2,22,5,0,0,42,480,Y
Sefton 019A,E01007074,14,0,14,642,Y,6,2,3,4,2,0,0,17,834,Y
Sefton 019B,E01007097,14,0,14,642,Y,2,2,0,6,6,0,0,16,842,Y
Sefton 019C,E01007098,3,0,3,896,Y,9,1,1,9,3,0,0,23,757,Y
Sefton 019D,E01007099,13,0,13,663,Y,15,7,1,11,5,2,2,43,472,Y
Sefton 020A,E01007065,8,0,8,784,Y,3,3,0,9,2,0,1,18,820,Y
Sefton 020B,E01007066,17,0,17,571,Y,2,5,0,8,8,2,0,25,723,Y
Sefton 020C,E01007071,4,0,4,880,Y,5,2,0,3,4,3,0,17,834,Y
Sefton 020D,E01007072,16,0,16,589,Y,17,2,1,24,5,4,1,54,350,Y
Sefton 020E,E01007073,5,0,5,859,Y,4,5,0,14,5,1,1,30,666,Y
Sefton 021A,E01007020,20,1,21,474,Y,2,2,0,18,3,7,0,32,632,Y
Sefton 021B,E01007022,17,0,17,571,Y,11,2,0,7,4,0,0,24,740,Y
Sefton 021C,E01007023,8,0,8,784,Y,7,4,0,5,2,0,1,19,807,Y
Sefton 021D,E01007027,7,0,7,814,Y,8,7,2,4,3,0,0,24,740,Y
Sefton 021E,E01007037,10,0,10,732,Y,7,9,0,5,6,5,0,32,632,Y
Sefton 021F,E01007038,27,1,28,338,Y,18,19,3,18,20,75,1,154,51,Y
Sefton 022A,E01006936,16,0,16,589,Y,12,13,4,4,7,0,0,40,511,Y
Sefton 022B,E01006937,3,0,3,896,Y,0,0,0,4,5,0,0,9,902,Y
Sefton 022C,E01006938,4,1,5,859,Y,15,10,0,9,5,0,0,39,526,Y
Sefton 022D,E01006939,13,2,15,617,Y,8,6,7,12,5,7,1,46,433,Y
Sefton 022E,E01006940,5,1,6,839,Y,9,11,0,8,2,0,1,31,650,Y
Sefton 022F,E01006943,3,1,4,880,Y,7,2,1,2,2,0,0,14,868,Y
Sefton 023A,E01007083,11,0,11,715,Y,12,8,0,21,5,0,1,47,416,Y
Sefton 023B,E01007085,31,0,31,295,Y,11,6,1,41,13,0,0,72,208,Y
Sefton 023C,E01007086,24,0,24,414,Y,6,5,2,17,4,0,1,35,588,Y
Sefton 023D,E01007091,12,0,12,696,Y,5,5,1,16,6,0,0,33,617,Y
Sefton 023E,E01007092,17,1,18,544,Y,8,7,0,25,13,0,0,53,358,Y
Sefton 024A,E01006979,34,1,35,245,Y,7,6,2,27,16,0,0,58,320,Y
Sefton 024B,E01006980,46,0,46,157,Y,21,11,3,40,7,1,0,83,145,Y
Sefton 024C,E01007024,25,0,25,396,Y,0,4,2,16,6,0,0,28,686,Y
Sefton 024D,E01007026,19,0,19,521,Y,3,1,1,6,3,0,0,14,868,Y
Sefton 024E,E01007089,32,0,32,278,Y,11,2,0,19,11,25,0,68,239,Y
Sefton 025A,E01007021,13,0,13,663,Y,11,1,6,4,6,13,1,42,480,Y
Sefton 025B,E01007025,5,0,5,859,Y,5,5,1,2,4,0,1,18,820,Y
Sefton 025C,E01007105,33,2,35,245,Y,13,4,4,18,4,3,1,47,416,Y
Sefton 025D,E01007106,23,0,23,433,Y,10,4,2,7,3,1,0,27,698,Y
Sefton 025E,E01007107,5,0,5,859,Y,7,2,0,3,2,0,0,14,868,Y
Sefton 025F,E01007108,0,0,0,912,Y,11,9,2,10,5,1,0,38,541,Y
Sefton 026A,E01007039,16,0,16,589,Y,11,14,0,15,4,0,0,44,463,Y
Sefton 026B,E01007040,28,2,30,312,Y,23,17,0,22,11,3,1,77,178,Y
Sefton 026C,E01007042,8,0,8,784,Y,7,11,0,10,2,0,1,31,650,Y
Sefton 026D,E01007044,9,0,9,760,Y,8,11,0,7,5,0,2,33,617,Y
Sefton 026E,E01007045,8,0,8,784,Y,14,6,0,5,2,0,1,28,686,Y
Sefton 027A,E01007041,36,0,36,234,Y,25,39,4,19,38,132,7,264,16,Y
Sefton 027B,E01007043,7,0,7,814,Y,11,13,0,6,3,0,0,33,617,Y
Sefton 027C,E01007046,11,0,11,715,Y,13,7,1,3,10,2,0,36,573,Y
Sefton 027D,E01007053,13,1,14,642,Y,11,4,0,5,4,0,0,24,740,Y
Sefton 027E,E01007084,13,0,13,663,Y,14,12,1,8,1,0,0,36,573,Y
Sefton 028A,E01006941,3,1,4,880,Y,7,5,1,4,4,0,0,21,782,Y
Sefton 028B,E01006942,13,0,13,663,Y,2,4,3,5,5,0,0,19,807,Y
Sefton 028C,E01006954,21,1,22,457,Y,7,9,6,21,7,0,0,50,394,Y
Sefton 028D,E01007104,7,1,8,784,Y,3,8,1,7,0,0,0,19,807,Y
Sefton 028E,E01007109,20,3,23,433,Y,5,5,2,9,3,6,0,30,666,Y
Sefton 029A,E01007048,42,4,46,157,Y,6,9,1,24,12,4,0,56,333,Y
Sefton 029B,E01007054,19,1,20,502,Y,12,4,1,11,7,0,0,35,588,Y
Sefton 029C,E01007087,32,0,32,278,Y,9,7,6,35,11,1,3,72,208,Y
Sefton 029D,E01007088,29,1,30,312,Y,14,10,2,39,14,27,1,107,100,Y
Sefton 029E,E01007090,22,1,23,433,Y,9,4,1,18,2,2,1,37,555,Y
Sefton 030A,E01006955,10,0,10,732,Y,7,6,1,5,2,0,0,21,782,Y
Sefton 030B,E01006956,37,0,37,226,Y,8,7,6,27,31,42,2,123,71,Y
Sefton 030C,E01006958,25,0,25,396,Y,10,9,0,8,8,4,0,39,526,Y
Sefton 030D,E01007102,14,1,15,617,Y,10,4,0,9,2,8,0,33,617,Y
Sefton 030E,E01007103,6,0,6,839,Y,4,4,2,10,4,0,0,24,740,Y
Sefton 031A,E01006978,11,0,11,715,Y,13,7,1,10,1,0,1,33,617,Y
Sefton 031B,E01006981,49,2,51,128,Y,6,10,2,34,14,0,0,66,254,Y
Sefton 031C,E01006982,19,0,19,521,Y,4,2,2,11,2,1,0,22,772,Y
Sefton 031D,E01006983,19,2,21,474,Y,8,11,0,10,3,0,0,32,632,Y
Sefton 031E,E01006984,12,0,12,696,Y,12,4,2,18,8,2,0,46,433,Y
Sefton 032A,E01006952,35,2,37,226,Y,12,12,1,35,6,0,1,67,244,Y
Sefton 032B,E01006953,25,1,26,373,Y,16,5,0,26,4,0,0,51,381,Y
Sefton 032C,E01006957,60,3,63,82,Y,7,9,4,13,7,5,1,46,433,Y
Sefton 032D,E01006959,26,1,27,357,Y,17,3,3,15,7,0,0,45,454,Y
Sefton 032E,E01006977,34,3,37,226,Y,17,13,3,21,12,5,1,72,208,Y
Sefton 033A,E01006976,17,0,17,571,Y,13,9,2,14,8,1,0,47,416,Y
Sefton 033B,E01007014,8,0,8,784,Y,13,4,2,7,2,1,0,29,674,Y
Sefton 033E,E01007047,26,2,28,338,Y,8,7,1,16,9,3,0,44,463,Y
Sefton 033F,E01033095,29,0,29,324,Y,12,8,3,10,4,0,0,37,555,Y
Sefton 034A,E01007004,37,0,37,226,Y,7,8,1,21,10,0,0,47,416,Y
Sefton 034B,E01007005,57,1,58,100,Y,11,4,2,26,13,1,1,58,320,Y
Sefton 034C,E01007011,51,0,51,128,Y,12,15,4,27,19,4,0,81,154,Y
Sefton 034D,E01007016,57,3,60,95,Y,12,12,8,26,9,26,0,93,121,Y
Sefton 034E,E01007017,21,0,21,474,Y,6,5,3,17,7,0,2,40,511,Y
Sefton 035A,E01007019,30,2,32,278,Y,7,4,1,21,14,4,1,52,374,Y
Sefton 035B,E01007049,17,1,18,544,Y,10,7,2,11,10,8,0,48,407,Y
Sefton 035C,E01007050,8,1,9,760,Y,5,1,0,4,1,0,1,12,886,Y
Sefton 035D,E01007051,25,0,25,396,Y,9,6,0,17,6,10,0,48,407,Y
Sefton 035E,E01007052,24,0,24,414,Y,7,5,0,16,9,0,0,37,555,Y
Sefton 036A,E01006964,35,1,36,234,Y,11,6,7,16,11,4,0,55,341,Y
Sefton 036B,E01007003,69,4,73,56,Y,17,6,1,30,9,4,1,68,239,Y
Sefton 036C,E01007006,51,5,56,108,Y,11,4,6,30,10,0,0,61,293,Y
Sefton 036D,E01007012,43,2,45,166,Y,9,5,1,24,10,4,3,56,333,Y
Sefton 036E,E01007013,45,3,48,145,Y,20,6,2,42,9,2,2,83,145,Y
Sefton 037A,E01006967,60,2,62,90,Y,18,11,7,21,13,2,7,79,168,Y
Sefton 037B,E01007007,44,6,50,135,Y,11,7,4,23,21,137,3,206,26,N
Sefton 037C,E01007008,51,3,54,116,Y,21,8,7,25,16,5,1,83,145,Y
Sefton 037D,E01007009,65,4,69,65,Y,15,21,10,36,57,161,10,310,12,N
Sefton 037E,E01007010,53,2,55,110,Y,13,11,0,27,11,1,1,64,265,Y
Sefton 038A,E01006960,13,0,13,663,Y,6,5,0,8,4,0,1,24,740,Y
Sefton 038B,E01006961,76,6,82,39,Y,9,9,5,42,17,0,3,85,140,N
Sefton 038C,E01006962,24,0,24,414,Y,14,10,1,12,9,0,0,46,433,Y
Sefton 038D,E01006963,76,6,82,39,Y,6,8,1,23,10,2,1,51,381,Y
Sefton 038E,E01006965,21,1,22,457,Y,9,8,0,14,7,0,0,38,541,Y
Sefton 038F,E01006966,35,3,38,218,Y,7,10,2,17,10,6,1,53,358,Y
St. Helens 001A,E01006882,7,0,7,814,Y,2,2,0,4,0,0,0,8,904,Y
St. Helens 001B,E01006883,7,0,7,814,Y,9,3,0,2,3,2,1,20,795,Y
St. Helens 001C,E01006884,6,0,6,839,Y,11,1,1,7,3,1,0,24,740,Y
St. Helens 001D,E01006885,11,0,11,715,Y,11,8,0,7,2,0,0,28,686,Y
St. Helens 001E,E01006886,26,0,26,373,Y,5,7,0,9,6,0,0,27,698,Y
St. Helens 001F,E01006887,8,2,10,732,Y,5,5,1,3,2,0,0,16,842,Y
St. Helens 002A,E01006802,18,2,20,502,Y,15,5,0,11,7,1,0,39,526,Y
St. Helens 002B,E01006804,7,0,7,814,Y,3,3,2,5,2,0,0,15,852,Y
St. Helens 002C,E01006806,20,0,20,502,Y,8,3,0,11,4,1,0,27,698,Y
St. Helens 002D,E01006807,6,0,6,839,Y,17,3,0,5,1,0,0,26,712,Y
St. Helens 003A,E01006803,11,0,11,715,Y,15,11,2,7,9,0,0,44,463,Y
St. Helens 003B,E01006805,23,0,23,433,Y,12,3,0,20,1,1,0,37,555,Y
St. Helens 003C,E01006808,7,0,7,814,Y,7,7,0,1,1,0,0,16,842,Y
St. Helens 003D,E01006809,13,0,13,663,Y,5,1,0,2,2,4,0,14,868,Y
St. Helens 004A,E01006849,30,0,30,312,Y,2,8,0,20,0,2,0,32,632,Y
St. Helens 004B,E01006850,51,0,51,128,Y,9,8,2,44,5,12,0,80,157,Y
St. Helens 004C,E01006851,19,0,19,521,Y,14,7,0,6,4,1,0,32,632,Y
St. Helens 004D,E01006852,7,0,7,814,Y,16,4,1,6,2,7,0,36,573,Y
St. Helens 004E,E01006853,9,0,9,760,Y,7,6,0,8,6,12,0,39,526,Y
St. Helens 004F,E01006854,18,1,19,521,Y,7,7,0,7,4,0,3,28,686,Y
St. Helens 004G,E01006855,22,1,23,433,Y,9,7,0,10,5,1,0,32,632,Y
St. Helens 005A,E01006836,25,0,25,396,Y,15,13,0,20,16,1,2,67,244,Y
St. Helens 005B,E01006839,28,0,28,338,Y,8,1,0,9,5,7,0,30,666,Y
St. Helens 005C,E01006840,26,0,26,373,Y,12,16,6,15,32,9,1,91,125,N
St. Helens 005D,E01006842,46,1,47,152,Y,5,7,1,18,11,0,0,42,480,Y
St. Helens 006A,E01006837,31,0,31,295,Y,8,6,2,11,8,3,0,38,541,Y
St. Helens 006B,E01006838,21,0,21,474,Y,10,4,1,19,7,23,1,65,258,Y
St. Helens 006C,E01006841,8,0,8,784,Y,5,1,1,6,2,0,0,15,852,Y
St. Helens 006D,E01006843,10,1,11,715,Y,4,4,0,3,3,11,0,25,723,Y
St. Helens 007A,E01006914,10,0,10,732,Y,8,8,1,7,11,3,0,38,541,Y
St. Helens 007B,E01006915,23,1,24,414,Y,22,12,0,21,12,0,0,67,244,Y
St. Helens 007C,E01006916,18,0,18,544,Y,12,9,0,6,5,0,0,32,632,Y
St. Helens 007D,E01006917,16,0,16,589,Y,11,2,2,4,2,0,0,21,782,Y
St. Helens 007E,E01006918,9,0,9,760,Y,15,6,0,15,3,8,0,47,416,Y
St. Helens 007F,E01006919,40,0,40,200,Y,14,12,0,11,7,2,0,46,433,Y
St. Helens 008A,E01006810,5,0,5,859,Y,5,4,0,6,0,5,0,20,795,Y
St. Helens 008B,E01006811,28,0,28,338,Y,5,3,3,6,5,0,0,22,772,Y
St. Helens 008C,E01006812,51,0,51,128,Y,10,3,0,26,13,8,1,61,293,Y
St. Helens 008D,E01006813,21,0,21,474,Y,6,10,0,16,9,30,1,72,208,Y
St. Helens 008E,E01006814,6,0,6,839,Y,10,8,1,8,0,0,0,27,698,Y
St. Helens 008F,E01006815,25,0,25,396,Y,6,3,0,11,7,0,0,27,698,Y
St. Helens 008G,E01006818,4,0,4,880,Y,0,1,0,2,4,0,0,7,906,Y
St. Helens 009A,E01006822,17,0,17,571,Y,9,6,0,14,4,3,1,37,555,Y
St. Helens 009B,E01006823,5,0,5,859,Y,6,1,0,1,1,2,0,11,888,Y
St. Helens 009C,E01006824,3,1,4,880,Y,11,2,0,7,1,0,0,21,782,Y
St. Helens 009D,E01006825,3,0,3,896,Y,12,6,0,3,2,0,0,23,757,Y
St. Helens 010A,E01006866,33,0,33,267,Y,8,10,1,10,3,0,0,32,632,Y
St. Helens 010B,E01006867,28,1,29,324,Y,12,25,0,16,8,0,1,62,282,Y
St. Helens 010C,E01006868,27,0,27,357,Y,15,11,4,24,5,0,0,59,307,Y
St. Helens 010D,E01006869,20,1,21,474,Y,10,11,1,17,4,0,0,43,472,Y
St. Helens 011A,E01006819,35,4,39,211,Y,8,8,0,22,3,0,1,42,480,Y
St. Helens 011B,E01006820,28,0,28,338,Y,5,3,1,22,7,1,0,39,526,Y
St. Helens 011C,E01006821,43,1,44,173,Y,10,3,2,28,4,0,2,49,402,Y
St. Helens 011D,E01006871,34,1,35,245,Y,11,7,3,38,8,0,0,67,244,Y
St. Helens 012A,E01006832,210,6,216,7,N,23,21,7,66,56,165,26,364,8,N
St. Helens 012B,E01006834,61,2,63,82,Y,21,21,5,21,20,29,8,125,67,Y
St. Helens 012C,E01006877,186,5,191,9,N,32,26,10,71,37,80,7,263,18,N
St. Helens 012D,E01006880,73,1,74,53,Y,18,7,3,51,23,7,3,112,88,Y
St. Helens 012E,E01006881,61,1,62,90,Y,15,14,0,66,18,1,0,114,84,Y
St. Helens 013A,E01006863,84,3,87,34,Y,21,17,2,81,17,46,6,190,32,N
St. Helens 013B,E01006864,33,1,34,257,Y,16,9,0,16,8,0,0,49,402,Y
St. Helens 013C,E01006865,45,0,45,166,Y,6,15,1,19,11,0,0,52,374,Y
St. Helens 014A,E01006845,33,1,34,257,Y,18,23,2,28,21,22,3,117,80,N
St. Helens 014B,E01006870,26,0,26,373,Y,4,6,3,15,8,1,0,37,555,Y
St. Helens 014C,E01006872,156,4,160,10,N,33,29,9,97,59,122,20,369,7,N
St. Helens 014D,E01006873,48,1,49,140,Y,10,3,1,32,10,4,0,60,302,Y
St. Helens 014E,E01006874,81,4,85,37,N,15,3,3,57,19,9,1,107,100,Y
St. Helens 015A,E01006856,22,1,23,433,Y,13,15,3,9,8,7,0,55,341,Y
St. Helens 015B,E01006857,15,0,15,617,Y,14,7,0,9,2,3,0,35,588,Y
St. Helens 015C,E01006858,14,1,15,617,Y,4,10,0,24,2,0,0,40,511,Y
St. Helens 015D,E01006859,15,0,15,617,Y,10,22,0,13,7,11,0,63,276,Y
St. Helens 015E,E01006860,32,1,33,267,Y,11,10,3,18,11,4,0,57,327,Y
St. Helens 015F,E01006861,26,0,26,373,Y,4,3,2,13,4,0,0,26,712,Y
St. Helens 015G,E01006862,21,2,23,433,Y,16,4,1,13,12,0,0,46,433,Y
St. Helens 016A,E01006831,20,2,22,457,Y,10,10,1,14,8,3,0,46,433,Y
St. Helens 016B,E01006833,18,2,20,502,Y,16,9,0,14,4,2,0,45,454,Y
St. Helens 016C,E01006835,23,1,24,414,Y,21,10,2,24,5,1,1,64,265,Y
St. Helens 016D,E01006876,48,0,48,145,Y,13,15,0,22,7,1,0,58,320,Y
St. Helens 016E,E01006878,18,0,18,544,Y,15,4,0,10,3,0,0,32,632,Y
St. Helens 016F,E01006879,33,0,33,267,Y,9,4,0,15,1,0,1,30,666,Y
St. Helens 016G,E01006904,17,1,18,544,Y,8,3,1,16,6,0,0,34,603,Y
St. Helens 017A,E01006816,37,0,37,226,Y,3,5,0,31,8,0,1,48,407,Y
St. Helens 017B,E01006817,43,0,43,183,Y,3,3,1,42,4,20,0,73,202,Y
St. Helens 017C,E01006875,39,3,42,186,Y,20,6,0,38,6,1,1,72,208,Y
St. Helens 017D,E01006899,54,0,54,116,Y,15,10,4,46,8,28,3,114,84,Y
St. Helens 018A,E01006826,15,0,15,617,Y,4,2,1,8,0,0,0,15,852,Y
St. Helens 018B,E01006827,14,0,14,642,Y,16,11,0,8,2,0,0,37,555,Y
St. Helens 018C,E01006828,4,0,4,880,Y,18,17,1,1,2,0,0,39,526,Y
St. Helens 018D,E01006829,21,1,22,457,Y,11,14,0,6,9,12,1,53,358,Y
St. Helens 019A,E01006830,23,0,23,433,Y,7,6,0,14,10,0,0,37,555,Y
St. Helens 019C,E01006903,36,1,37,226,Y,16,12,4,31,16,15,1,95,116,Y
St. Helens 019D,E01006905,15,2,17,571,Y,5,12,1,25,6,0,1,50,394,Y
St. Helens 019E,E01006906,14,1,15,617,Y,17,9,0,12,11,0,0,49,402,Y
St. Helens 019F,E01006907,21,1,22,457,Y,16,6,2,20,6,0,1,51,381,Y
St. Helens 019G,E01006912,86,2,88,33,N,29,31,6,48,34,166,3,317,10,Y
St. Helens 019H,E01006913,30,1,31,295,Y,14,17,2,32,5,0,0,70,227,Y
St. Helens 019I,E01032904,8,0,8,784,Y,10,2,1,9,4,0,2,28,686,Y
St. Helens 019J,E01032905,36,0,36,234,Y,16,11,3,17,6,6,0,59,307,Y
St. Helens 020A,E01006844,59,0,59,99,N,13,8,1,40,10,4,0,76,185,Y
St. Helens 020B,E01006846,8,0,8,784,Y,7,3,2,20,4,43,0,79,168,Y
St. Helens 020C,E01006847,49,0,49,140,Y,17,12,2,52,11,0,0,94,118,Y
St. Helens 020D,E01006848,11,2,13,663,Y,6,7,1,23,1,0,0,38,541,Y
St. Helens 020E,E01006896,15,0,15,617,Y,8,5,1,13,0,14,0,41,494,Y
St. Helens 020F,E01006897,14,1,15,617,Y,10,14,0,17,3,2,0,46,433,Y
St. Helens 020G,E01006901,9,1,10,732,Y,5,5,0,4,7,0,0,21,782,Y
St. Helens 021A,E01006890,6,0,6,839,Y,1,2,0,2,2,0,0,7,906,Y
St. Helens 021B,E01006892,9,0,9,760,Y,0,6,1,8,2,1,0,18,820,Y
St. Helens 021C,E01006893,17,0,17,571,Y,5,9,1,13,10,10,1,49,402,Y
St. Helens 021D,E01006894,17,0,17,571,Y,5,7,0,3,2,0,0,17,834,Y
St. Helens 022A,E01006898,33,4,37,226,Y,19,9,0,20,9,2,0,59,307,Y
St. Helens 022B,E01006900,19,1,20,502,Y,11,12,1,15,10,0,0,49,402,Y
St. Helens 022C,E01006908,24,1,25,396,Y,7,7,0,27,3,0,0,44,463,Y
St. Helens 022D,E01006909,39,2,41,193,Y,7,7,2,41,6,0,0,63,276,Y
St. Helens 022E,E01006910,39,1,40,200,Y,15,4,0,55,16,5,0,95,116,Y
St. Helens 022F,E01006911,19,1,20,502,Y,8,6,1,20,2,6,1,44,463,Y
St. Helens 023A,E01006888,7,0,7,814,Y,5,14,0,4,4,0,0,27,698,Y
St. Helens 023B,E01006889,16,0,16,589,Y,4,7,2,7,9,0,0,29,674,Y
St. Helens 023C,E01006891,12,1,13,663,Y,10,9,0,11,9,14,0,53,358,Y
St. Helens 023D,E01006895,6,0,6,839,Y,8,3,0,2,3,0,0,16,842,Y
Warrington 003C,E01012469,0,0,0,912,Y,1,0,0,0,0,0,0,1,916,Y
Warrington 003D,E01012470,0,0,0,912,Y,0,0,0,0,0,0,0,0,922,Y
West Lancashire 002B,E01025508,0,0,0,912,Y,0,0,0,0,0,0,0,0,922,Y
West Lancashire 002E,E01025531,0,0,0,912,Y,0,0,0,0,0,0,0,0,922,Y
West Lancashire 003A,E01025474,0,0,0,912,Y,1,0,0,0,1,0,0,2,912,Y
West Lancashire 003B,E01025495,2,0,2,907,Y,0,0,0,1,0,0,0,1,916,Y
West Lancashire 007E,E01025518,0,0,0,912,Y,0,0,0,0,0,0,0,0,922,Y
West Lancashire 008A,E01025479,0,0,0,912,Y,1,0,0,0,0,0,0,1,916,Y
West Lancashire 011C,E01025525,0,0,0,912,Y,0,0,0,0,0,0,0,0,922,Y
West Lancashire 013C,E01025528,0,0,0,912,Y,0,0,0,0,0,0,0,0,922,Y
Wigan 018E,E01006366,0,0,0,912,Y,0,0,0,0,0,0,0,0,922,Y
Wigan 018G,E01006368,0,0,0,912,Y,0,0,0,0,0,0,0,0,922,Y
Wigan 035B,E01006221,0,0,0,912,Y,0,0,0,0,0,0,0,0,922,Y
Wigan 036A,E01006223,0,0,0,912,Y,0,0,0,0,0,0,0,0,922,Y
Wigan 036B,E01006225,0,0,0,912,Y,0,1,0,0,0,0,0,1,916,Y
Wigan 036D,E01006264,0,0,0,912,Y,0,0,0,0,0,0,0,0,922,Y
Wigan 039E,E01006348,0,0,0,912,Y,1,1,0,0,0,0,0,2,912,Y
Wirral 001A,E01007229,27,0,27,357,Y,12,13,3,15,1,0,0,44,463,Y
Wirral 001B,E01007230,18,0,18,544,Y,10,14,4,21,15,57,0,121,75,N
Wirral 001C,E01007231,19,0,19,521,Y,2,10,1,18,3,0,0,34,603,Y
Wirral 001D,E01007237,25,1,26,373,Y,7,11,5,13,5,0,0,41,494,Y
Wirral 001E,E01007238,69,2,71,59,Y,22,25,6,44,33,22,0,152,54,N
Wirral 002A,E01007218,41,0,41,193,Y,11,14,6,28,8,1,1,69,233,Y
Wirral 002B,E01007232,18,0,18,544,Y,4,19,1,13,5,0,0,42,480,Y
Wirral 002C,E01007233,34,0,34,257,Y,11,16,1,22,4,0,0,54,350,Y
Wirral 002D,E01007234,25,0,25,396,Y,8,13,2,10,5,2,0,40,511,Y
Wirral 002E,E01007236,17,1,18,544,Y,3,15,1,12,7,1,0,39,526,Y
Wirral 003A,E01007307,15,0,15,617,Y,12,12,1,11,2,0,0,38,541,Y
Wirral 003B,E01007308,16,0,16,589,Y,7,8,1,7,1,2,1,27,698,Y
Wirral 003C,E01007312,23,0,23,433,Y,5,12,3,20,2,0,0,42,480,Y
Wirral 003D,E01007313,15,0,15,617,Y,10,13,3,11,6,13,0,56,333,Y
Wirral 003E,E01007315,8,2,10,732,Y,7,11,0,12,1,0,0,31,650,Y
Wirral 004A,E01007211,6,0,6,839,Y,8,21,0,11,1,0,0,41,494,Y
Wirral 004B,E01007235,21,1,22,457,Y,6,7,0,14,1,0,0,28,686,Y
Wirral 004C,E01007310,4,0,4,880,Y,11,7,1,2,0,0,0,21,782,Y
Wirral 004D,E01007311,16,0,16,589,Y,10,10,1,3,1,0,0,25,723,Y
Wirral 004E,E01007314,20,1,21,474,Y,10,10,5,11,6,32,0,74,198,Y
Wirral 004F,E01007316,12,0,12,696,Y,11,13,0,11,3,3,0,41,494,Y
Wirral 005A,E01007215,49,3,52,122,Y,18,23,3,29,24,57,3,157,46,N
Wirral 005B,E01007216,30,1,31,295,Y,13,13,4,17,6,7,1,61,293,Y
Wirral 005C,E01007219,50,0,50,135,Y,16,23,2,36,6,0,0,83,145,Y
Wirral 005D,E01007220,34,1,35,245,Y,20,5,2,36,9,0,0,72,208,Y
Wirral 005E,E01007275,52,0,52,122,Y,8,25,2,29,8,0,0,72,208,Y
Wirral 006A,E01007203,14,0,14,642,Y,4,12,1,6,4,5,0,32,632,Y
Wirral 006B,E01007205,26,0,26,373,Y,7,10,0,13,3,1,0,34,603,Y
Wirral 006C,E01007210,33,0,33,267,Y,13,18,2,24,9,0,1,67,244,Y
Wirral 006D,E01007309,18,0,18,544,Y,13,12,0,9,4,53,2,93,121,Y
Wirral 007A,E01007212,26,0,26,373,Y,13,14,0,9,5,0,1,42,480,Y
Wirral 007B,E01007213,30,0,30,312,Y,14,11,2,9,7,0,0,43,472,Y
Wirral 007C,E01007214,40,1,41,193,Y,11,10,8,26,7,100,5,167,42,Y
Wirral 007D,E01007217,44,1,45,166,Y,17,16,5,25,15,37,1,116,81,Y
Wirral 007E,E01007276,27,2,29,324,Y,11,20,1,16,4,1,3,56,333,Y
Wirral 008A,E01007272,47,1,48,145,Y,9,12,0,24,7,13,0,65,258,Y
Wirral 008B,E01007273,51,4,55,110,Y,9,9,2,28,13,0,2,63,276,Y
Wirral 008C,E01007274,74,1,75,49,Y,18,11,3,39,12,26,0,109,97,Y
Wirral 008D,E01007277,51,1,52,122,Y,6,11,2,22,7,12,2,62,282,Y
Wirral 008E,E01007278,74,1,75,49,Y,13,6,1,40,16,14,0,90,126,Y
Wirral 009A,E01007204,34,0,34,257,Y,8,8,3,19,8,0,0,46,433,Y
Wirral 009B,E01007206,28,0,28,338,Y,10,12,2,17,4,5,0,50,394,Y
Wirral 009C,E01007207,50,3,53,121,N,11,11,3,38,11,2,1,77,178,Y
Wirral 009D,E01007209,17,0,17,571,Y,15,14,2,10,3,0,0,44,463,Y
Wirral 010C,E01007269,63,2,65,75,Y,17,14,4,40,4,0,2,81,154,Y
Wirral 010D,E01007270,50,1,51,128,Y,9,20,2,16,5,2,1,55,341,Y
Wirral 010E,E01007271,28,1,29,324,Y,2,18,0,8,4,0,0,32,632,Y
Wirral 010F,E01032903,92,7,99,20,Y,31,19,2,46,28,40,1,167,42,Y
Wirral 011A,E01007120,69,1,70,61,Y,5,16,0,30,11,0,0,62,282,Y
Wirral 011B,E01007121,56,1,57,103,Y,22,14,4,31,12,39,1,123,71,Y
Wirral 011C,E01007122,69,0,69,65,Y,20,16,0,65,16,79,1,197,29,N
Wirral 011D,E01007123,43,1,44,173,Y,22,15,2,29,9,0,1,78,176,Y
Wirral 011E,E01007124,36,0,36,234,Y,13,13,2,33,13,1,0,75,191,Y
Wirral 012A,E01007208,23,4,27,357,Y,14,20,1,20,10,14,0,79,168,Y
Wirral 012B,E01007221,18,0,18,544,Y,14,15,4,6,3,9,0,51,381,Y
Wirral 012C,E01007225,24,0,24,414,Y,9,8,0,4,1,3,0,25,723,Y
Wirral 012D,E01007227,27,0,27,357,Y,27,13,1,20,10,8,1,80,157,Y
Wirral 012E,E01007228,26,0,26,373,Y,25,10,2,12,4,0,0,53,358,Y
Wirral 013A,E01007195,5,0,5,859,Y,6,3,0,3,2,8,0,22,772,Y
Wirral 013B,E01007199,9,0,9,760,Y,10,3,0,3,0,0,0,16,842,Y
Wirral 013C,E01007222,18,0,18,544,Y,11,13,0,5,6,1,0,36,573,Y
Wirral 013D,E01007223,17,0,17,571,Y,14,14,1,13,1,0,0,43,472,Y
Wirral 014A,E01007193,28,0,28,338,Y,14,14,5,18,10,14,0,75,191,Y
Wirral 014B,E01007194,14,1,15,617,Y,4,5,3,5,7,0,0,24,740,Y
Wirral 014C,E01007200,4,0,4,880,Y,4,0,0,4,2,0,0,10,897,Y
Wirral 014D,E01007201,8,0,8,784,Y,5,4,1,7,5,1,0,23,757,Y
Wirral 014E,E01007202,16,0,16,589,Y,19,3,3,6,7,2,0,40,511,Y
Wirral 015A,E01007125,31,0,31,295,Y,14,10,1,19,2,0,0,46,433,Y
Wirral 015B,E01007156,31,1,32,278,Y,19,19,0,18,12,0,2,70,227,Y
Wirral 015C,E01007157,20,0,20,502,Y,14,12,0,18,9,11,0,64,265,Y
Wirral 015D,E01007158,13,0,13,663,Y,7,16,1,3,5,13,0,45,454,Y
Wirral 015E,E01007159,22,0,22,457,Y,5,7,1,16,3,0,0,32,632,Y
Wirral 016A,E01007126,248,8,256,4,N,50,29,13,87,82,14,18,293,13,N
Wirral 016B,E01007127,99,2,101,19,N,18,10,5,41,16,1,2,93,121,Y
Wirral 016C,E01007128,209,10,219,6,N,54,30,25,87,92,526,31,845,3,N
Wirral 016D,E01007129,54,3,57,103,Y,14,12,1,33,7,5,0,72,208,Y
Wirral 016E,E01007133,44,0,44,173,Y,15,20,4,28,13,0,0,80,157,Y
Wirral 017A,E01007224,16,0,16,589,Y,1,7,0,6,3,4,0,21,782,Y
Wirral 017B,E01007226,20,1,21,474,Y,9,8,1,3,0,2,0,23,757,Y
Wirral 017C,E01007265,5,0,5,859,Y,1,5,1,7,1,0,1,16,842,Y
Wirral 017D,E01007299,10,0,10,732,Y,5,7,0,3,0,0,0,15,852,Y
Wirral 017E,E01007306,12,0,12,696,Y,6,10,0,6,2,11,0,35,588,Y
Wirral 018A,E01007297,13,0,13,663,Y,1,3,1,7,2,0,0,14,868,Y
Wirral 018B,E01007298,7,0,7,814,Y,11,5,1,8,3,0,0,28,686,Y
Wirral 018C,E01007301,14,0,14,642,Y,5,13,0,13,4,5,1,41,494,Y
Wirral 018D,E01007302,30,0,30,312,Y,21,10,1,24,6,16,1,79,168,Y
Wirral 018E,E01007305,9,0,9,760,Y,9,4,1,5,3,4,1,27,698,Y
Wirral 019A,E01007119,30,0,30,312,Y,11,15,0,40,6,0,0,72,208,Y
Wirral 019B,E01007161,14,0,14,642,Y,10,9,0,7,3,26,0,55,341,Y
Wirral 019C,E01007162,20,0,20,502,Y,5,4,0,41,3,0,0,53,358,Y
Wirral 019D,E01007300,44,0,44,173,Y,10,15,2,33,8,1,0,69,233,Y
Wirral 020A,E01007155,58,3,61,92,Y,10,25,5,22,17,0,1,80,157,Y
Wirral 020B,E01007160,18,0,18,544,Y,18,16,1,15,12,0,0,62,282,Y
Wirral 020C,E01007240,16,0,16,589,Y,11,10,0,9,3,0,0,33,617,Y
Wirral 020D,E01007241,8,0,8,784,Y,6,11,0,4,2,0,0,23,757,Y
Wirral 020E,E01007242,7,1,8,784,Y,17,25,0,10,6,6,0,64,265,Y
Wirral 021A,E01007130,71,0,71,59,Y,14,6,3,37,9,0,1,70,227,Y
Wirral 021B,E01007131,65,1,66,72,Y,21,15,1,32,13,3,3,88,131,Y
Wirral 021C,E01007179,55,0,55,110,Y,22,3,1,34,16,0,0,76,185,Y
Wirral 021D,E01007291,80,9,89,31,Y,24,16,2,55,20,26,2,145,57,N
Wirral 021E,E01007292,43,0,43,183,Y,15,8,1,31,9,15,0,79,168,Y
Wirral 021F,E01007294,33,0,33,267,Y,13,9,1,20,3,0,0,46,433,Y
Wirral 022A,E01007180,20,1,21,474,Y,18,8,2,25,8,0,1,62,282,Y
Wirral 022B,E01007181,28,1,29,324,Y,27,5,0,22,8,37,0,99,109,Y
Wirral 022C,E01007239,68,2,70,61,Y,22,21,1,40,9,1,2,96,113,Y
Wirral 022D,E01007243,16,1,17,571,Y,21,15,1,18,5,0,1,61,293,Y
Wirral 022E,E01007244,59,1,60,95,Y,26,20,1,25,13,1,1,87,133,Y
Wirral 023A,E01007259,5,0,5,859,Y,2,1,1,1,1,1,0,7,906,Y
Wirral 023B,E01007261,7,0,7,814,Y,6,9,0,9,1,0,0,25,723,Y
Wirral 023C,E01007264,9,0,9,760,Y,3,2,0,2,0,0,0,7,906,Y
Wirral 023D,E01007266,3,0,3,896,Y,2,7,1,5,2,0,0,17,834,Y
Wirral 023E,E01007267,11,1,12,696,Y,7,3,0,12,6,18,0,46,433,Y
Wirral 023F,E01007268,10,0,10,732,Y,6,4,0,6,4,18,1,39,526,Y
Wirral 024A,E01007163,19,3,22,457,Y,10,11,1,9,3,0,0,34,603,Y
Wirral 024B,E01007245,14,0,14,642,Y,16,9,0,8,9,30,2,74,198,Y
Wirral 024C,E01007246,10,0,10,732,Y,11,12,0,16,4,3,0,46,433,Y
Wirral 024D,E01007247,10,1,11,715,Y,6,12,0,4,1,0,0,23,757,Y
Wirral 024E,E01007252,13,0,13,663,Y,17,13,0,13,10,0,1,54,350,Y
Wirral 025A,E01007249,33,0,33,267,Y,4,5,0,38,2,0,1,50,394,Y
Wirral 025B,E01007251,61,0,61,92,Y,13,9,4,33,22,1,1,83,145,Y
Wirral 025C,E01007257,29,0,29,324,Y,12,11,3,24,3,1,1,55,341,Y
Wirral 025D,E01007303,36,2,38,218,Y,5,11,2,42,6,4,0,70,227,Y
Wirral 025E,E01007304,24,0,24,414,Y,5,6,6,28,16,32,1,94,118,Y
Wirral 026A,E01007196,8,0,8,784,Y,2,4,1,6,1,1,0,15,852,Y
Wirral 026B,E01007197,9,1,10,732,Y,8,8,1,7,2,0,0,26,712,Y
Wirral 026C,E01007198,23,0,23,433,Y,18,10,10,14,15,38,4,109,97,Y
Wirral 026D,E01007263,8,0,8,784,Y,3,27,0,11,4,2,0,47,416,Y
Wirral 026E,E01007282,13,0,13,663,Y,3,7,2,3,4,0,0,19,807,Y
Wirral 027A,E01007175,33,1,34,257,Y,7,9,2,8,5,0,0,31,650,Y
Wirral 027B,E01007290,60,1,61,92,Y,16,9,1,16,10,4,1,57,327,Y
Wirral 027C,E01007293,93,3,96,26,Y,18,19,3,72,21,56,2,191,31,N
Wirral 027D,E01007295,44,3,47,152,Y,10,7,2,29,6,5,5,64,265,Y
Wirral 027E,E01007296,40,0,40,200,Y,8,7,0,37,10,2,0,64,265,Y
Wirral 028A,E01007258,9,0,9,760,Y,8,3,0,3,6,3,1,24,740,Y
Wirral 028B,E01007260,13,0,13,663,Y,4,9,0,1,3,1,0,18,820,Y
Wirral 028C,E01007262,6,0,6,839,Y,1,1,1,5,2,0,0,10,897,Y
Wirral 028D,E01007281,8,0,8,784,Y,5,3,1,4,6,0,1,20,795,Y
Wirral 028E,E01007283,6,0,6,839,Y,10,9,0,2,3,0,1,25,723,Y
Wirral 029A,E01007173,16,0,16,589,Y,9,6,2,11,3,0,0,31,650,Y
Wirral 029B,E01007174,20,3,23,433,Y,9,17,1,18,8,16,0,69,233,Y
Wirral 029C,E01007176,37,0,37,226,Y,10,12,0,36,4,17,1,80,157,Y
Wirral 029D,E01007177,7,0,7,814,Y,7,4,0,6,5,0,0,22,772,Y
Wirral 029E,E01007178,35,1,36,234,Y,13,9,2,18,7,12,1,62,282,Y
Wirral 030A,E01007248,9,0,9,760,Y,11,12,0,6,2,1,0,32,632,Y
Wirral 030B,E01007250,6,0,6,839,Y,10,12,0,7,2,0,0,31,650,Y
Wirral 030C,E01007253,19,0,19,521,Y,8,12,0,6,2,1,0,29,674,Y
Wirral 030D,E01007254,7,0,7,814,Y,8,5,0,1,0,0,1,15,852,Y
Wirral 031A,E01007115,25,2,27,357,Y,12,8,1,24,4,1,1,51,381,Y
Wirral 031B,E01007138,46,2,48,145,Y,13,7,3,42,12,3,0,80,157,Y
Wirral 031C,E01007139,61,2,63,82,Y,15,13,3,46,14,7,1,99,109,Y
Wirral 031D,E01007141,25,1,26,373,Y,16,16,5,42,7,25,0,111,91,Y
Wirral 031E,E01007289,78,2,80,43,Y,6,13,3,26,9,21,1,79,168,Y
Wirral 032A,E01007111,8,0,8,784,Y,10,10,0,4,1,0,0,25,723,Y
Wirral 032B,E01007112,28,0,28,338,Y,10,10,6,35,9,3,0,73,202,Y
Wirral 032C,E01007113,14,0,14,642,Y,10,14,0,6,2,0,0,32,632,Y
Wirral 032D,E01007114,31,0,31,295,Y,10,18,1,23,1,0,0,53,358,Y
Wirral 032E,E01007116,17,1,18,544,Y,19,9,0,11,10,32,1,82,150,Y
Wirral 033A,E01007280,6,0,6,839,Y,1,7,0,3,0,0,0,11,888,Y
Wirral 033B,E01007284,6,1,7,814,Y,8,13,1,3,1,0,0,26,712,Y
Wirral 033C,E01007285,7,0,7,814,Y,9,8,0,8,3,5,0,33,617,Y
Wirral 033D,E01007287,19,0,19,521,Y,4,4,0,6,0,9,0,23,757,Y
Wirral 034A,E01007183,6,0,6,839,Y,9,3,0,6,2,0,0,20,795,Y
Wirral 034B,E01007255,19,0,19,521,Y,17,10,0,10,13,1,0,51,381,Y
Wirral 034C,E01007256,10,0,10,732,Y,8,8,0,10,1,2,1,30,666,Y
Wirral 034D,E01007279,6,0,6,839,Y,1,2,0,4,5,2,1,15,852,Y
Wirral 034E,E01007286,16,0,16,589,Y,4,6,0,6,1,0,0,17,834,Y
Wirral 035A,E01007110,11,0,11,715,Y,10,13,0,6,4,0,1,34,603,Y
Wirral 035B,E01007117,12,0,12,696,Y,5,4,3,4,2,0,0,18,820,Y
Wirral 035C,E01007118,17,1,18,544,Y,9,2,1,5,2,0,0,19,807,Y
Wirral 035D,E01007151,17,0,17,571,Y,7,5,3,1,4,3,0,23,757,Y
Wirral 035E,E01007154,1,0,1,910,Y,3,3,0,4,3,0,0,13,881,Y
Wirral 036A,E01007140,23,0,23,433,Y,6,12,2,25,7,0,0,52,374,Y
Wirral 036B,E01007142,22,0,22,457,Y,16,18,0,19,7,0,1,61,293,Y
Wirral 036C,E01007143,27,1,28,338,Y,29,7,3,12,19,7,3,80,157,Y
Wirral 036D,E01007152,17,1,18,544,Y,25,5,0,14,3,7,0,54,350,Y
Wirral 036E,E01007153,11,0,11,715,Y,6,3,1,3,9,0,1,23,757,Y
Wirral 037A,E01007182,26,0,26,373,Y,18,6,2,15,10,35,0,86,136,Y
Wirral 037B,E01007184,13,0,13,663,Y,8,8,0,1,4,3,0,24,740,Y
Wirral 037C,E01007185,19,0,19,521,Y,7,4,0,10,12,2,0,35,588,Y
Wirral 037D,E01007192,12,0,12,696,Y,2,3,1,11,3,0,0,20,795,Y
Wirral 037E,E01007288,19,0,19,521,Y,5,4,0,4,1,2,0,16,842,Y
Wirral 038A,E01007144,55,1,56,108,Y,23,9,1,21,13,2,1,70,227,Y
Wirral 038B,E01007145,2,0,2,907,Y,4,4,0,2,0,1,0,11,888,Y
Wirral 038C,E01007146,3,0,3,896,Y,3,2,0,1,3,0,0,9,902,Y
Wirral 038D,E01007147,6,0,6,839,Y,5,2,0,4,0,0,0,11,888,Y
Wirral 038E,E01007148,9,1,10,732,Y,8,5,0,3,2,0,0,18,820,Y
Wirral 039A,E01007135,31,1,32,278,Y,30,12,6,39,20,80,0,187,34,N
Wirral 039B,E01007136,25,0,25,396,Y,5,4,5,15,5,0,0,34,603,Y
Wirral 039C,E01007137,20,0,20,502,Y,18,4,2,9,3,7,3,46,433,Y
Wirral 039D,E01007170,11,2,13,663,Y,8,4,0,5,5,16,0,38,541,Y
Wirral 040A,E01007186,4,0,4,880,Y,7,11,1,1,3,0,0,23,757,Y
Wirral 040B,E01007187,3,0,3,896,Y,3,5,0,1,2,0,0,11,888,Y
Wirral 040C,E01007188,8,0,8,784,Y,7,3,1,2,2,0,0,15,852,Y
Wirral 040D,E01007189,3,0,3,896,Y,3,7,0,1,2,1,0,14,868,Y
Wirral 040E,E01007190,5,0,5,859,Y,2,6,0,6,1,4,0,19,807,Y
Wirral 040F,E01007191,10,0,10,732,Y,14,6,0,4,1,2,0,27,698,Y
Wirral 041A,E01007149,9,1,10,732,Y,4,5,1,1,2,0,0,13,881,Y
Wirral 041B,E01007150,9,1,10,732,Y,3,2,0,5,0,0,0,10,897,Y
Wirral 041C,E01007165,3,0,3,896,Y,5,0,0,5,1,1,1,13,881,Y
Wirral 041D,E01007171,7,0,7,814,Y,6,2,0,1,2,4,1,16,842,Y
Wirral 041E,E01007172,6,0,6,839,Y,1,1,0,9,2,0,0,13,881,Y
Wirral 042A,E01007164,15,1,16,589,Y,18,12,3,15,8,3,0,59,307,Y
Wirral 042B,E01007166,13,0,13,663,Y,5,1,2,9,3,0,0,20,795,Y
Wirral 042C,E01007167,19,0,19,521,Y,4,5,0,13,2,0,0,24,740,Y
Wirral 042D,E01007168,29,0,29,324,Y,4,0,2,21,6,0,2,35,588,Y
Wirral 042E,E01007169,18,3,21,474,Y,14,4,1,21,10,9,0,59,307,Y
