lsoa,id,Violence and sexual offences,violenceRank,Robbery,robberyRank,personTotal,personRank,personTie,Burglary,burglaryRank,Vehicle crime,carRank,Bicycle theft,bikeRank,Criminal damage and arson,arsonRank,Other theft,otherRank,Shoplifting,shopRank,Theft from the person,directRank,propertyTotal,propertyRank,propertyTie
,,560,2,14,2,574,2,N,221,1,226,1,68,3,266,1,312,3,269,4,32,4,1394,0,N
Aylesbury Vale 018D,E01017712,1,817,0,220,1,817,Y,0,795,0,806,0,419,0,819,0,809,0,428,0,293,0,0,Y
Blaby 006C,E01025627,0,864,0,220,0,864,Y,0,795,0,806,0,419,0,819,0,809,0,428,0,293,0,0,Y
Blaenau Gwent 003A,W01001472,0,864,0,220,0,864,Y,0,795,0,806,0,419,0,819,0,809,0,428,0,293,0,0,Y
Blaenau Gwent 004E,W01001458,0,864,0,220,0,864,Y,0,795,0,806,0,419,1,796,0,809,0,428,0,293,1,0,Y
Blaenau Gwent 006B,W01001463,0,864,0,220,0,864,Y,0,795,0,806,0,419,0,819,0,809,0,428,0,293,0,0,Y
Blaenau Gwent 006E,W01001481,0,864,0,220,0,864,Y,0,795,0,806,0,419,0,819,0,809,0,428,0,293,0,0,Y
Blaenau Gwent 007B,W01001451,1,817,0,220,1,817,Y,0,795,0,806,0,419,0,819,0,809,0,428,0,293,0,0,Y
Blaenau Gwent 007C,W01001452,1,817,0,220,1,817,Y,0,795,0,806,0,419,0,819,0,809,0,428,0,293,0,0,Y
Blaenau Gwent 007D,W01001459,1,817,0,220,1,817,Y,0,795,0,806,0,419,0,819,0,809,0,428,0,293,0,0,Y
Blaenau Gwent 009C,W01001466,1,817,0,220,1,817,Y,0,795,0,806,0,419,0,819,0,809,0,428,0,293,0,0,Y
Bolton 025E,E01004879,0,864,0,220,0,864,Y,0,795,0,806,0,419,0,819,0,809,0,428,0,293,0,0,Y
Bracknell Forest 009G,E01032725,1,817,0,220,1,817,Y,0,795,0,806,0,419,0,819,0,809,0,428,0,293,0,0,Y
Bridgend 001A,W01000991,15,601,0,220,15,605,Y,6,465,1,756,0,419,17,308,4,584,0,428,0,293,28,0,Y
Bridgend 001B,W01000992,38,257,1,79,39,250,Y,15,146,14,177,0,419,25,145,9,312,0,428,0,293,63,0,Y
Bridgend 001C,W01000993,52,135,0,220,52,137,Y,21,69,15,155,4,86,31,84,7,394,5,201,1,111,84,0,Y
Bridgend 001D,W01000994,27,392,1,79,28,385,Y,12,213,15,155,0,419,18,286,6,453,0,428,0,293,51,0,Y
Bridgend 001E,W01000995,20,519,0,220,20,521,Y,19,87,10,291,0,419,10,501,7,394,0,428,0,293,46,0,Y
Bridgend 002A,W01001014,61,85,0,220,61,92,Y,10,272,11,248,4,86,30,94,14,172,38,52,0,293,107,0,Y
Bridgend 002B,W01001015,17,566,0,220,17,567,Y,17,115,8,374,0,419,7,595,3,646,0,428,0,293,35,0,Y
Bridgend 002C,W01001017,35,284,0,220,35,290,Y,13,187,13,199,0,419,20,237,5,525,44,45,0,293,95,0,Y
Bridgend 002D,W01001018,40,236,0,220,40,241,Y,12,213,7,426,0,419,13,411,10,278,7,174,0,293,49,0,Y
Bridgend 002E,W01001020,28,380,0,220,28,385,Y,10,272,4,586,0,419,21,222,12,216,2,274,0,293,49,0,Y
Bridgend 003A,W01000976,27,392,0,220,27,399,Y,0,795,2,700,0,419,6,632,2,712,0,428,0,293,10,0,Y
Bridgend 003B,W01000977,39,246,1,79,40,241,Y,8,359,8,374,0,419,24,162,7,394,0,428,0,293,47,0,Y
Bridgend 003C,W01001024,22,486,0,220,22,491,Y,4,594,2,700,0,419,7,595,4,584,0,428,0,293,17,0,Y
Bridgend 003D,W01001025,26,410,0,220,26,414,Y,2,707,1,756,0,419,7,595,2,712,0,428,0,293,12,0,Y
Bridgend 003E,W01001033,33,313,0,220,33,319,Y,5,529,5,532,0,419,17,308,5,525,0,428,0,293,32,0,Y
Bridgend 003F,W01001034,31,345,1,79,32,332,Y,5,529,3,650,1,225,14,382,6,453,0,428,0,293,29,0,Y
Bridgend 004A,W01000975,56,104,0,220,56,111,Y,2,707,3,650,0,419,10,501,7,394,1,319,0,293,23,0,Y
Bridgend 004B,W01000978,32,329,0,220,32,332,Y,10,272,7,426,0,419,23,182,6,453,0,428,0,293,46,0,Y
Bridgend 004C,W01001009,10,685,0,220,10,690,Y,5,529,6,477,0,419,6,632,4,584,0,428,0,293,21,0,Y
Bridgend 004D,W01001042,34,298,1,79,35,290,Y,3,649,8,374,0,419,14,382,7,394,1,319,0,293,33,0,Y
Bridgend 004E,W01001043,23,474,0,220,23,477,Y,14,164,5,532,1,225,7,595,13,193,2,274,1,111,43,0,Y
Bridgend 005A,W01001012,25,431,0,220,25,434,Y,6,465,4,586,0,419,11,473,6,453,0,428,0,293,27,0,Y
Bridgend 005B,W01001013,10,685,0,220,10,690,Y,2,707,4,586,0,419,7,595,3,646,0,428,0,293,16,0,Y
Bridgend 005C,W01001016,26,410,0,220,26,414,Y,2,707,2,700,0,419,7,595,2,712,2,274,1,111,16,0,Y
Bridgend 005D,W01001019,14,613,0,220,14,620,Y,2,707,4,586,0,419,4,707,5,525,0,428,0,293,15,0,Y
Bridgend 006A,W01000974,34,298,0,220,34,306,Y,10,272,9,332,0,419,23,182,24,72,8,161,0,293,74,0,Y
Bridgend 006B,W01001057,43,206,1,79,44,199,Y,7,405,1,756,1,225,23,182,8,350,1,319,0,293,41,0,Y
Bridgend 006C,W01001058,29,366,0,220,29,369,Y,5,529,3,650,1,225,6,632,7,394,3,236,1,111,26,0,Y
Bridgend 007A,W01000986,55,112,0,220,55,117,Y,5,529,13,199,1,225,13,411,9,312,0,428,0,293,41,0,Y
Bridgend 007B,W01000987,47,165,0,220,47,171,Y,3,649,7,426,0,419,22,203,5,525,5,201,0,293,42,0,Y
Bridgend 007C,W01001055,9,705,0,220,9,708,Y,1,757,0,806,0,419,4,707,3,646,1,319,0,293,9,0,Y
Bridgend 007D,W01001056,24,455,0,220,24,456,Y,5,529,11,248,1,225,24,162,37,31,53,31,6,24,137,0,N
Bridgend 008A,W01000996,37,265,0,220,37,268,Y,3,649,3,650,0,419,7,595,2,712,0,428,0,293,15,0,Y
Bridgend 008B,W01001048,34,298,0,220,34,306,Y,9,307,5,532,0,419,16,342,3,646,1,319,0,293,34,0,Y
Bridgend 008C,W01001049,32,329,0,220,32,332,Y,2,707,8,374,0,419,14,382,8,350,2,274,1,111,35,0,Y
Bridgend 008D,W01001050,43,206,0,220,43,214,Y,17,115,7,426,0,419,33,67,25,68,45,41,1,111,128,0,N
Bridgend 008E,W01001051,42,219,1,79,43,214,Y,5,529,6,477,0,419,33,67,8,350,1,319,1,111,54,0,Y
Bridgend 008F,W01001052,28,380,0,220,28,385,Y,4,594,3,650,0,419,9,528,12,216,0,428,0,293,28,0,Y
Bridgend 009A,W01001004,39,246,0,220,39,250,Y,7,405,12,221,3,113,13,411,17,130,9,153,0,293,61,0,Y
Bridgend 009B,W01001005,20,519,0,220,20,521,Y,0,795,5,532,0,419,8,564,17,130,0,428,1,111,31,0,Y
Bridgend 009C,W01001006,11,667,0,220,11,669,Y,1,757,1,756,0,419,11,473,3,646,0,428,1,111,17,0,Y
Bridgend 009D,W01001007,29,366,0,220,29,369,Y,6,465,4,586,0,419,10,501,6,453,0,428,0,293,26,0,Y
Bridgend 009E,W01001039,15,601,0,220,15,605,Y,1,757,1,756,0,419,7,595,2,712,0,428,0,293,11,0,Y
Bridgend 009F,W01001040,24,455,0,220,24,456,Y,11,248,1,756,0,419,12,441,8,350,0,428,0,293,32,0,Y
Bridgend 010A,W01000999,31,345,0,220,31,352,Y,3,649,3,650,0,419,7,595,1,757,1,319,0,293,15,0,Y
Bridgend 010B,W01001000,44,195,0,220,44,199,Y,9,307,7,426,2,146,12,441,19,116,11,140,0,293,60,0,Y
Bridgend 010C,W01001001,43,206,1,79,44,199,Y,8,359,7,426,0,419,20,237,4,584,12,133,0,293,51,0,Y
Bridgend 010D,W01001002,92,25,0,220,92,27,N,7,405,6,477,0,419,27,113,18,123,0,428,1,111,59,0,Y
Bridgend 011A,W01000998,90,28,0,220,90,28,N,9,307,10,291,0,419,6,632,8,350,0,428,0,293,33,0,Y
Bridgend 011B,W01001008,8,721,0,220,8,723,Y,4,594,1,756,0,419,3,746,1,757,0,428,0,293,9,0,Y
Bridgend 011C,W01001038,62,82,0,220,62,85,Y,7,405,10,291,1,225,22,203,15,153,0,428,2,67,57,0,Y
Bridgend 012A,W01000997,22,486,0,220,22,491,Y,0,795,4,586,0,419,10,501,6,453,0,428,0,293,20,0,Y
Bridgend 012B,W01001010,14,613,1,79,15,605,Y,2,707,2,700,0,419,11,473,6,453,1,319,0,293,22,0,Y
Bridgend 012C,W01001011,21,502,0,220,21,505,Y,1,757,3,650,0,419,6,632,2,712,0,428,0,293,12,0,Y
Bridgend 012D,W01001026,39,246,0,220,39,250,Y,6,465,0,806,0,419,11,473,9,312,4,213,0,293,30,0,Y
Bridgend 013A,W01000989,13,637,0,220,13,639,Y,4,594,4,586,0,419,6,632,5,525,0,428,0,293,19,0,Y
Bridgend 013B,W01001037,33,313,0,220,33,319,Y,2,707,6,477,1,225,9,528,46,20,53,31,1,111,118,0,Y
Bridgend 013C,W01001041,19,539,0,220,19,541,Y,4,594,4,586,0,419,8,564,4,584,0,428,0,293,20,0,Y
Bridgend 014A,W01001021,204,6,5,9,209,6,N,28,23,12,221,2,146,54,7,49,16,117,14,10,14,272,0,N
Bridgend 014B,W01001022,61,85,0,220,61,92,Y,6,465,5,532,0,419,17,308,6,453,0,428,2,67,36,0,Y
Bridgend 014C,W01001023,45,184,1,79,46,184,Y,13,187,8,374,1,225,48,16,19,116,2,274,0,293,91,0,Y
Bridgend 014D,W01001028,60,91,2,33,62,85,Y,8,359,4,586,2,146,43,32,18,123,40,49,0,293,115,0,Y
Bridgend 014E,W01001035,66,65,0,220,66,67,Y,20,77,19,103,3,113,31,84,27,59,151,10,1,111,252,0,N
Bridgend 015A,W01000979,21,502,0,220,21,505,Y,1,757,2,700,1,225,9,528,6,453,1,319,1,111,21,0,Y
Bridgend 015B,W01000983,17,566,0,220,17,567,Y,0,795,2,700,0,419,9,528,2,712,0,428,0,293,13,0,Y
Bridgend 015C,W01000985,14,613,0,220,14,620,Y,0,795,3,650,0,419,2,770,2,712,0,428,0,293,7,0,Y
Bridgend 015D,W01001003,39,246,0,220,39,250,Y,6,465,9,332,1,225,14,382,21,100,8,161,0,293,59,0,Y
Bridgend 016A,W01000980,13,637,0,220,13,639,Y,0,795,1,756,0,419,5,669,2,712,0,428,0,293,8,0,Y
Bridgend 016B,W01000981,54,118,0,220,54,123,Y,2,707,3,650,1,225,25,145,5,525,0,428,0,293,36,0,Y
Bridgend 016C,W01000982,38,257,1,79,39,250,Y,3,649,5,532,1,225,6,632,7,394,5,201,1,111,28,0,Y
Bridgend 016D,W01000984,18,553,0,220,18,556,Y,3,649,1,756,0,419,12,441,3,646,0,428,0,293,19,0,Y
Bridgend 017B,W01000990,18,553,0,220,18,556,Y,1,757,4,586,0,419,9,528,2,712,11,140,0,293,27,0,Y
Bridgend 017C,W01001027,11,667,0,220,11,669,Y,4,594,5,532,0,419,10,501,2,712,0,428,0,293,21,0,Y
Bridgend 017D,W01001036,24,455,0,220,24,456,Y,5,529,3,650,1,225,9,528,12,216,0,428,0,293,30,0,Y
Bridgend 017E,W01001918,17,566,0,220,17,567,Y,0,795,1,756,0,419,4,707,4,584,0,428,0,293,9,0,Y
Bridgend 017F,W01001919,7,741,0,220,7,742,Y,1,757,0,806,0,419,5,669,2,712,0,428,0,293,8,0,Y
Bridgend 017G,W01001920,9,705,0,220,9,708,Y,0,795,2,700,1,225,4,707,3,646,0,428,0,293,10,0,Y
Bridgend 017H,W01001921,22,486,1,79,23,477,Y,2,707,3,650,3,113,6,632,3,646,0,428,0,293,17,0,Y
Bridgend 018A,W01001031,8,721,0,220,8,723,Y,1,757,1,756,0,419,3,746,1,757,0,428,0,293,6,0,Y
Bridgend 018B,W01001032,15,601,0,220,15,605,Y,6,465,5,532,1,225,4,707,7,394,0,428,0,293,23,0,Y
Bridgend 018C,W01001046,72,51,2,33,74,49,N,18,102,8,374,0,419,35,57,23,86,63,23,3,45,150,0,Y
Bridgend 018D,W01001047,26,410,1,79,27,399,Y,0,795,4,586,0,419,9,528,7,394,0,428,0,293,20,0,Y
Bridgend 018E,W01001053,7,741,0,220,7,742,Y,0,795,1,756,0,419,9,528,3,646,0,428,1,111,14,0,Y
Bridgend 018F,W01001054,9,705,0,220,9,708,Y,9,307,4,586,0,419,4,707,6,453,0,428,0,293,23,0,Y
Bridgend 019A,W01001029,15,601,0,220,15,605,Y,5,529,0,806,0,419,5,669,2,712,0,428,0,293,12,0,Y
Bridgend 019B,W01001030,67,62,1,79,68,58,Y,13,187,5,532,4,86,23,182,20,107,8,161,3,45,76,0,Y
Bridgend 019C,W01001044,52,135,0,220,52,137,Y,5,529,5,532,1,225,12,441,4,584,1,319,0,293,28,0,Y
Bridgend 019D,W01001045,102,20,0,220,102,21,N,10,272,11,248,1,225,30,94,28,55,2,274,4,34,86,0,Y
Bristol 001B,E01014602,0,864,0,220,0,864,Y,0,795,0,806,0,419,0,819,0,809,0,428,0,293,0,0,Y
Bromsgrove 013D,E01032174,1,817,0,220,1,817,Y,0,795,0,806,0,419,0,819,0,809,0,428,0,293,0,0,Y
Caerphilly 001A,W01001374,0,864,0,220,0,864,Y,0,795,0,806,0,419,0,819,0,809,0,428,0,293,0,0,Y
Caerphilly 001B,W01001375,1,817,0,220,1,817,Y,0,795,0,806,0,419,0,819,0,809,0,428,0,293,0,0,Y
Caerphilly 001C,W01001376,0,864,0,220,0,864,Y,0,795,0,806,0,419,0,819,0,809,0,428,0,293,0,0,Y
Caerphilly 001E,W01001428,0,864,0,220,0,864,Y,0,795,0,806,0,419,0,819,0,809,0,428,0,293,0,0,Y
Caerphilly 002A,W01001360,0,864,0,220,0,864,Y,0,795,1,756,0,419,0,819,0,809,0,428,0,293,1,0,Y
Caerphilly 002B,W01001361,2,804,0,220,2,804,Y,0,795,0,806,0,419,0,819,0,809,0,428,0,293,0,0,Y
Caerphilly 002D,W01001385,1,817,0,220,1,817,Y,0,795,0,806,0,419,0,819,0,809,0,428,0,293,0,0,Y
Caerphilly 002E,W01001386,0,864,0,220,0,864,Y,0,795,0,806,0,419,2,770,0,809,0,428,0,293,2,0,Y
Caerphilly 003A,W01001325,1,817,0,220,1,817,Y,0,795,0,806,0,419,1,796,0,809,0,428,0,293,1,0,Y
Caerphilly 003B,W01001326,1,817,0,220,1,817,Y,0,795,0,806,0,419,0,819,0,809,0,428,0,293,0,0,Y
Caerphilly 003C,W01001362,0,864,0,220,0,864,Y,0,795,0,806,0,419,0,819,0,809,0,428,0,293,0,0,Y
Caerphilly 004A,W01001336,1,817,0,220,1,817,Y,0,795,0,806,0,419,0,819,0,809,0,428,0,293,0,0,Y
Caerphilly 005B,W01001335,0,864,0,220,0,864,Y,0,795,0,806,0,419,0,819,0,809,0,428,0,293,0,0,Y
Caerphilly 006A,W01001356,1,817,0,220,1,817,Y,0,795,0,806,0,419,0,819,0,809,0,428,0,293,0,0,Y
Caerphilly 007A,W01001352,0,864,0,220,0,864,Y,0,795,0,806,0,419,0,819,0,809,0,428,0,293,0,0,Y
Caerphilly 007D,W01001388,0,864,0,220,0,864,Y,0,795,0,806,0,419,0,819,0,809,0,428,0,293,0,0,Y
Caerphilly 007E,W01001389,0,864,0,220,0,864,Y,0,795,0,806,0,419,1,796,0,809,0,428,0,293,1,0,Y
Caerphilly 008A,W01001414,0,864,0,220,0,864,Y,0,795,0,806,0,419,0,819,0,809,0,428,0,293,0,0,Y
Caerphilly 008B,W01001415,1,817,0,220,1,817,Y,0,795,0,806,0,419,0,819,0,809,0,428,0,293,0,0,Y
Caerphilly 008C,W01001416,0,864,0,220,0,864,Y,0,795,0,806,0,419,0,819,0,809,0,428,0,293,0,0,Y
Caerphilly 008E,W01001418,0,864,0,220,0,864,Y,0,795,0,806,0,419,0,819,0,809,0,428,0,293,0,0,Y
Caerphilly 010D,W01001383,1,817,0,220,1,817,Y,0,795,0,806,0,419,0,819,0,809,0,428,0,293,0,0,Y
Caerphilly 012A,W01001363,0,864,0,220,0,864,Y,0,795,0,806,0,419,0,819,0,809,0,428,0,293,0,0,Y
Caerphilly 012B,W01001364,1,817,0,220,1,817,Y,0,795,0,806,0,419,0,819,0,809,0,428,0,293,0,0,Y
Caerphilly 013C,W01001379,0,864,0,220,0,864,Y,0,795,0,806,0,419,0,819,0,809,0,428,0,293,0,0,Y
Caerphilly 013E,W01001433,2,804,0,220,2,804,Y,0,795,0,806,0,419,0,819,0,809,0,428,0,293,0,0,Y
Caerphilly 014D,W01001354,1,817,0,220,1,817,Y,0,795,0,806,0,419,0,819,0,809,0,428,0,293,0,0,Y
Caerphilly 015A,W01001355,0,864,0,220,0,864,Y,0,795,0,806,0,419,0,819,0,809,0,428,0,293,0,0,Y
Caerphilly 015B,W01001430,1,817,0,220,1,817,Y,0,795,0,806,0,419,0,819,0,809,0,428,0,293,0,0,Y
Caerphilly 016C,W01001409,0,864,0,220,0,864,Y,0,795,0,806,0,419,0,819,0,809,0,428,0,293,0,0,Y
Caerphilly 018B,W01001331,1,817,0,220,1,817,Y,0,795,1,756,0,419,0,819,1,757,0,428,0,293,2,0,Y
Caerphilly 018C,W01001332,0,864,0,220,0,864,Y,0,795,0,806,0,419,0,819,0,809,0,428,0,293,0,0,Y
Caerphilly 019D,W01001393,0,864,0,220,0,864,Y,0,795,0,806,0,419,0,819,0,809,0,428,0,293,0,0,Y
Caerphilly 019F,W01001400,0,864,0,220,0,864,Y,0,795,0,806,0,419,0,819,0,809,0,428,0,293,0,0,Y
Caerphilly 021B,W01001343,0,864,0,220,0,864,Y,0,795,0,806,0,419,0,819,0,809,0,428,0,293,0,0,Y
Caerphilly 022A,W01001371,0,864,0,220,0,864,Y,0,795,0,806,0,419,0,819,0,809,0,428,0,293,0,0,Y
Caerphilly 022E,W01001421,1,817,0,220,1,817,Y,0,795,0,806,0,419,0,819,0,809,0,428,0,293,0,0,Y
Caerphilly 023A,W01001370,0,864,0,220,0,864,Y,0,795,0,806,0,419,0,819,0,809,0,428,0,293,0,0,Y
Caerphilly 024A,W01001398,0,864,0,220,0,864,Y,0,795,0,806,0,419,0,819,0,809,0,428,0,293,0,0,Y
Caerphilly 024C,W01001424,1,817,0,220,1,817,Y,0,795,0,806,0,419,0,819,0,809,0,428,0,293,0,0,Y
Caerphilly 024D,W01001425,0,864,0,220,0,864,Y,0,795,0,806,0,419,0,819,0,809,0,428,0,293,0,0,Y
Caerphilly 024E,W01001426,0,864,0,220,0,864,Y,1,757,0,806,0,419,2,770,1,757,0,428,0,293,4,0,Y
Cardiff 001A,W01001777,5,774,0,220,5,775,Y,11,248,5,532,0,419,3,746,4,584,0,428,0,293,23,0,Y
Cardiff 001B,W01001778,6,762,0,220,6,763,Y,4,594,9,332,0,419,3,746,1,757,0,428,1,111,18,0,Y
Cardiff 001C,W01001794,16,580,0,220,16,583,Y,2,707,9,332,0,419,3,746,3,646,0,428,1,111,18,0,Y
Cardiff 001D,W01001799,11,667,0,220,11,669,Y,3,649,3,650,0,419,6,632,6,453,0,428,0,293,18,0,Y
Cardiff 002A,W01001793,8,721,0,220,8,723,Y,3,649,4,586,1,225,4,707,3,646,0,428,0,293,15,0,Y
Cardiff 002B,W01001795,5,774,0,220,5,775,Y,2,707,5,532,0,419,1,796,1,757,0,428,0,293,9,0,Y
Cardiff 002C,W01001796,13,637,1,79,14,620,Y,6,465,11,248,0,419,6,632,14,172,10,149,2,67,49,0,Y
Cardiff 002D,W01001798,8,721,0,220,8,723,Y,7,405,6,477,0,419,3,746,1,757,1,319,0,293,18,0,Y
Cardiff 003A,W01001841,16,580,0,220,16,583,Y,5,529,9,332,0,419,26,127,5,525,0,428,1,111,46,0,Y
Cardiff 003B,W01001842,15,601,1,79,16,583,Y,17,115,44,10,1,225,12,441,44,23,69,21,1,111,188,0,N
Cardiff 003C,W01001843,5,774,2,33,7,742,Y,20,77,16,139,1,225,13,411,24,72,56,29,0,293,130,0,Y
Cardiff 003D,W01001844,20,519,0,220,20,521,Y,3,649,20,93,0,419,10,501,7,394,21,89,1,111,62,0,Y
Cardiff 004A,W01001849,7,741,1,79,8,723,Y,6,465,6,477,2,146,5,669,5,525,0,428,0,293,24,0,Y
Cardiff 004B,W01001852,16,580,0,220,16,583,Y,7,405,11,248,0,419,9,528,16,145,0,428,0,293,43,0,Y
Cardiff 004C,W01001853,5,774,0,220,5,775,Y,4,594,5,532,0,419,2,770,2,712,6,185,0,293,19,0,Y
Cardiff 004D,W01001854,3,798,0,220,3,799,Y,4,594,2,700,0,419,6,632,1,757,0,428,0,293,13,0,Y
Cardiff 005A,W01001791,25,431,0,220,25,434,Y,12,213,21,84,1,225,23,182,19,116,21,89,0,293,97,0,Y
Cardiff 005B,W01001792,33,313,2,33,35,290,Y,9,307,20,93,2,146,17,308,11,244,0,428,1,111,60,0,Y
Cardiff 005C,W01001797,33,313,0,220,33,319,Y,3,649,12,221,1,225,9,528,6,453,0,428,0,293,31,0,Y
Cardiff 005D,W01001800,21,502,0,220,21,505,Y,7,405,14,177,1,225,12,441,5,525,31,64,0,293,70,0,Y
Cardiff 005F,W01001949,3,798,1,79,4,787,Y,7,405,6,477,0,419,5,669,3,646,2,274,0,293,23,0,Y
Cardiff 005G,W01001953,29,366,0,220,29,369,Y,15,146,16,139,1,225,21,222,31,45,21,89,1,111,106,0,Y
Cardiff 006A,W01001820,15,601,0,220,15,605,Y,1,757,5,532,0,419,2,770,3,646,0,428,0,293,11,0,Y
Cardiff 006C,W01001846,11,667,0,220,11,669,Y,9,307,5,532,1,225,6,632,4,584,5,201,0,293,30,0,Y
Cardiff 006D,W01001847,2,804,0,220,2,804,Y,3,649,2,700,0,419,1,796,0,809,0,428,0,293,6,0,Y
Cardiff 006E,W01001948,10,685,0,220,10,690,Y,3,649,5,532,1,225,2,770,3,646,1,319,1,111,16,0,Y
Cardiff 006F,W01001954,11,667,0,220,11,669,Y,6,465,15,155,1,225,3,746,4,584,1,319,0,293,30,0,Y
Cardiff 007A,W01001802,39,246,0,220,39,250,Y,8,359,18,114,1,225,22,203,16,145,49,38,0,293,114,0,N
Cardiff 007B,W01001807,29,366,0,220,29,369,Y,5,529,3,650,0,419,18,286,6,453,0,428,0,293,32,0,Y
Cardiff 007C,W01001808,50,147,0,220,50,150,Y,6,465,7,426,0,419,29,103,16,145,1,319,0,293,59,0,Y
Cardiff 007D,W01001840,39,246,0,220,39,250,Y,15,146,20,93,1,225,20,237,14,172,0,428,1,111,71,0,Y
Cardiff 008A,W01001730,10,685,1,79,11,669,Y,8,359,13,199,0,419,3,746,1,757,0,428,0,293,25,0,Y
Cardiff 008B,W01001731,9,705,0,220,9,708,Y,9,307,10,291,1,225,8,564,4,584,1,319,0,293,33,0,Y
Cardiff 008C,W01001736,8,721,0,220,8,723,Y,8,359,8,374,1,225,4,707,5,525,12,133,1,111,39,0,Y
Cardiff 008D,W01001815,17,566,0,220,17,567,Y,5,529,15,155,1,225,11,473,9,312,1,319,0,293,42,0,Y
Cardiff 009A,W01001811,94,23,2,33,96,23,Y,9,307,8,374,2,146,30,94,45,21,47,39,9,16,150,0,Y
Cardiff 009B,W01001816,45,184,0,220,45,192,Y,20,77,37,19,0,419,22,203,12,216,12,133,1,111,104,0,Y
Cardiff 009C,W01001817,16,580,0,220,16,583,Y,9,307,4,586,0,419,12,441,1,757,1,319,0,293,27,0,Y
Cardiff 009D,W01001818,32,329,0,220,32,332,Y,8,359,9,332,0,419,12,441,4,584,0,428,0,293,33,0,Y
Cardiff 010A,W01001888,23,474,0,220,23,477,Y,16,131,17,129,5,76,10,501,12,216,0,428,1,111,61,0,Y
Cardiff 010B,W01001893,37,265,0,220,37,268,Y,10,272,10,291,3,113,14,382,9,312,0,428,4,34,50,0,Y
Cardiff 010C,W01001894,10,685,0,220,10,690,Y,5,529,5,532,0,419,7,595,5,525,1,319,1,111,24,0,Y
Cardiff 010D,W01001895,66,65,1,79,67,65,Y,22,53,30,35,3,113,23,182,48,17,45,41,1,111,172,0,N
Cardiff 011A,W01001877,19,539,0,220,19,541,Y,20,77,16,139,3,113,9,528,22,95,0,428,1,111,71,0,Y
Cardiff 011B,W01001878,45,184,2,33,47,171,Y,6,465,17,129,4,86,24,162,9,312,38,52,2,67,100,0,Y
Cardiff 011C,W01001882,14,613,1,79,15,605,Y,14,164,16,139,0,419,5,669,14,172,0,428,0,293,49,0,Y
Cardiff 011D,W01001885,60,91,1,79,61,92,Y,19,87,23,59,2,146,23,182,13,193,2,274,1,111,83,0,Y
Cardiff 012A,W01001773,16,580,0,220,16,583,Y,6,465,11,248,2,146,17,308,0,809,12,133,0,293,48,0,Y
Cardiff 012B,W01001848,2,804,0,220,2,804,Y,6,465,9,332,0,419,5,669,2,712,0,428,1,111,23,0,Y
Cardiff 012C,W01001850,2,804,0,220,2,804,Y,14,164,9,332,0,419,9,528,10,278,0,428,0,293,42,0,Y
Cardiff 012D,W01001851,6,762,0,220,6,763,Y,10,272,13,199,2,146,15,362,2,712,14,118,0,293,56,0,Y
Cardiff 013A,W01001879,52,135,0,220,52,137,Y,10,272,9,332,5,76,46,26,26,62,6,185,3,45,105,0,Y
Cardiff 013B,W01001880,38,257,0,220,38,261,Y,8,359,16,139,1,225,21,222,11,244,0,428,0,293,57,0,Y
Cardiff 013C,W01001881,46,177,1,79,47,171,Y,8,359,8,374,2,146,24,162,16,145,0,428,2,67,60,0,Y
Cardiff 013D,W01001884,65,69,1,79,66,67,Y,8,359,12,221,2,146,20,237,16,145,0,428,0,293,58,0,Y
Cardiff 014A,W01001727,6,762,0,220,6,763,Y,2,707,3,650,0,419,4,707,12,216,0,428,0,293,21,0,Y
Cardiff 014B,W01001728,7,741,0,220,7,742,Y,4,594,4,586,0,419,2,770,2,712,1,319,0,293,13,0,Y
Cardiff 014C,W01001729,12,652,0,220,12,655,Y,9,307,18,114,0,419,6,632,14,172,1,319,1,111,49,0,Y
Cardiff 014D,W01001819,9,705,1,79,10,690,Y,8,359,2,700,1,225,13,411,8,350,0,428,0,293,32,0,Y
Cardiff 015A,W01001803,30,352,2,33,32,332,Y,5,529,13,199,0,419,26,127,5,525,0,428,0,293,49,0,Y
Cardiff 015B,W01001804,34,298,0,220,34,306,Y,5,529,6,477,0,419,17,308,7,394,0,428,0,293,35,0,Y
Cardiff 015C,W01001805,22,486,0,220,22,491,Y,7,405,12,221,1,225,32,76,5,525,13,125,0,293,70,0,Y
Cardiff 015D,W01001806,17,566,0,220,17,567,Y,6,465,7,426,1,225,6,632,14,172,12,133,1,111,47,0,Y
Cardiff 016A,W01001866,47,165,3,21,50,150,Y,9,307,7,426,2,146,18,286,9,312,0,428,1,111,46,0,Y
Cardiff 016B,W01001867,35,284,0,220,35,290,Y,12,213,11,248,1,225,21,222,12,216,0,428,0,293,57,0,Y
Cardiff 016C,W01001883,62,82,0,220,62,85,Y,11,248,21,84,1,225,39,46,10,278,10,149,1,111,93,0,Y
Cardiff 016D,W01001886,40,236,0,220,40,241,Y,5,529,11,248,0,419,24,162,10,278,0,428,0,293,50,0,Y
Cardiff 017A,W01001809,9,705,0,220,9,708,Y,3,649,2,700,0,419,2,770,0,809,2,274,0,293,9,0,Y
Cardiff 017B,W01001810,40,236,0,220,40,241,Y,8,359,4,586,0,419,10,501,5,525,0,428,1,111,28,0,Y
Cardiff 017C,W01001812,18,553,0,220,18,556,Y,7,405,7,426,1,225,5,669,4,584,0,428,0,293,24,0,Y
Cardiff 017D,W01001813,55,112,3,21,58,101,Y,15,146,6,477,0,419,26,127,11,244,1,319,0,293,59,0,Y
Cardiff 017E,W01001814,42,219,0,220,42,226,Y,5,529,8,374,1,225,19,261,4,584,0,428,0,293,37,0,Y
Cardiff 018A,W01001769,6,762,0,220,6,763,Y,18,102,12,221,0,419,4,707,2,712,0,428,0,293,36,0,Y
Cardiff 018B,W01001770,62,82,0,220,62,85,Y,22,53,22,72,28,10,17,308,34,36,24,79,3,45,150,0,Y
Cardiff 018C,W01001771,6,762,0,220,6,763,Y,3,649,20,93,1,225,6,632,9,312,13,125,0,293,52,0,Y
Cardiff 018D,W01001774,2,804,0,220,2,804,Y,10,272,10,291,0,419,4,707,3,646,8,161,0,293,35,0,Y
Cardiff 019A,W01001732,31,345,0,220,31,352,Y,9,307,8,374,1,225,4,707,15,153,3,236,1,111,41,0,Y
Cardiff 019B,W01001733,11,667,0,220,11,669,Y,11,248,5,532,1,225,5,669,7,394,0,428,1,111,30,0,Y
Cardiff 019C,W01001734,5,774,0,220,5,775,Y,7,405,5,532,0,419,2,770,2,712,0,428,0,293,16,0,Y
Cardiff 019D,W01001735,8,721,0,220,8,723,Y,8,359,26,48,2,146,8,564,10,278,0,428,1,111,55,0,Y
Cardiff 020A,W01001887,10,685,0,220,10,690,Y,10,272,12,221,1,225,5,669,6,453,19,102,1,111,54,0,Y
Cardiff 020B,W01001889,19,539,0,220,19,541,Y,15,146,17,129,4,86,19,261,4,584,0,428,2,67,61,0,Y
Cardiff 020C,W01001891,36,275,0,220,36,280,Y,22,53,22,72,4,86,17,308,12,216,37,55,1,111,115,0,Y
Cardiff 020D,W01001892,7,741,0,220,7,742,Y,7,405,8,374,0,419,3,746,6,453,0,428,0,293,24,0,Y
Cardiff 020E,W01001896,16,580,1,79,17,567,Y,13,187,8,374,4,86,7,595,7,394,0,428,0,293,39,0,Y
Cardiff 021A,W01001772,5,774,0,220,5,775,Y,11,248,16,139,2,146,6,632,18,123,4,213,0,293,57,0,Y
Cardiff 021B,W01001775,22,486,2,33,24,456,Y,14,164,9,332,1,225,13,411,5,525,1,319,0,293,43,0,Y
Cardiff 021C,W01001776,6,762,0,220,6,763,Y,12,213,10,291,2,146,5,669,4,584,3,236,0,293,36,0,Y
Cardiff 021D,W01001890,8,721,0,220,8,723,Y,16,131,21,84,2,146,17,308,7,394,0,428,0,293,63,0,Y
Cardiff 022A,W01001863,26,410,0,220,26,414,Y,17,115,21,84,0,419,19,261,11,244,1,319,1,111,70,0,Y
Cardiff 022B,W01001864,9,705,1,79,10,690,Y,4,594,9,332,1,225,14,382,3,646,0,428,1,111,32,0,Y
Cardiff 022C,W01001865,9,705,1,79,10,690,Y,6,465,15,155,1,225,8,564,5,525,0,428,0,293,35,0,Y
Cardiff 022D,W01001868,108,17,0,220,108,18,N,7,405,5,532,0,419,13,411,9,312,7,174,2,67,43,0,Y
Cardiff 023A,W01001785,25,431,1,79,26,414,Y,7,405,10,291,1,225,13,411,8,350,0,428,1,111,40,0,Y
Cardiff 023B,W01001786,55,112,0,220,55,117,Y,14,164,21,84,8,45,18,286,4,584,0,428,1,111,66,0,Y
Cardiff 023C,W01001787,22,486,0,220,22,491,Y,7,405,16,139,1,225,19,261,5,525,0,428,1,111,49,0,Y
Cardiff 023D,W01001788,26,410,0,220,26,414,Y,5,529,23,59,1,225,20,237,6,453,0,428,0,293,55,0,Y
Cardiff 023E,W01001789,18,553,1,79,19,541,Y,17,115,26,48,6,67,14,382,12,216,51,34,0,293,126,0,N
Cardiff 023F,W01001790,25,431,0,220,25,434,Y,14,164,7,426,3,113,7,595,9,312,0,428,1,111,41,0,Y
Cardiff 024A,W01001821,11,667,0,220,11,669,Y,14,164,10,291,1,225,5,669,6,453,0,428,1,111,37,0,Y
Cardiff 024B,W01001826,10,685,1,79,11,669,Y,11,248,11,248,1,225,7,595,4,584,0,428,0,293,34,0,Y
Cardiff 024C,W01001827,9,705,0,220,9,708,Y,14,164,12,221,1,225,1,796,3,646,2,274,0,293,33,0,Y
Cardiff 024D,W01001828,8,721,1,79,9,708,Y,7,405,12,221,0,419,10,501,5,525,0,428,0,293,34,0,Y
Cardiff 025A,W01001755,25,431,0,220,25,434,Y,22,53,49,9,12,30,17,308,9,312,9,153,2,67,120,0,Y
Cardiff 025B,W01001756,68,57,1,79,69,55,Y,21,69,85,2,67,4,35,57,69,9,63,23,1,111,341,0,N
Cardiff 025C,W01001757,18,553,0,220,18,556,Y,30,19,65,6,7,58,32,76,11,244,3,236,0,293,148,0,Y
Cardiff 025D,W01001758,17,566,0,220,17,567,Y,22,53,40,15,3,113,19,261,10,278,13,125,0,293,107,0,Y
Cardiff 026A,W01001779,19,539,0,220,19,541,Y,24,40,13,199,9,41,4,707,6,453,0,428,0,293,56,0,Y
Cardiff 026B,W01001780,7,741,0,220,7,742,Y,12,213,5,532,1,225,4,707,4,584,0,428,1,111,27,0,Y
Cardiff 026C,W01001781,25,431,0,220,25,434,Y,22,53,30,35,12,30,10,501,14,172,0,428,0,293,88,0,Y
Cardiff 026D,W01001782,14,613,0,220,14,620,Y,27,26,26,48,3,113,9,528,15,153,1,319,0,293,81,0,Y
Cardiff 026E,W01001783,11,667,0,220,11,669,Y,9,307,5,532,0,419,6,632,5,525,0,428,0,293,25,0,Y
Cardiff 026F,W01001784,12,652,0,220,12,655,Y,9,307,11,248,0,419,8,564,5,525,16,109,0,293,49,0,Y
Cardiff 027A,W01001747,9,705,0,220,9,708,Y,10,272,3,650,0,419,6,632,20,107,33,62,0,293,72,0,Y
Cardiff 027B,W01001748,41,228,1,79,42,226,Y,12,213,5,532,3,113,12,441,2,712,6,185,0,293,40,0,Y
Cardiff 027C,W01001749,49,153,0,220,49,160,Y,6,465,7,426,2,146,15,362,6,453,1,319,0,293,37,0,Y
Cardiff 027D,W01001751,96,22,0,220,96,23,Y,12,213,11,248,2,146,25,145,22,95,2,274,0,293,74,0,Y
Cardiff 028A,W01001718,30,352,0,220,30,358,Y,9,307,16,139,7,58,15,362,6,453,0,428,0,293,53,0,Y
Cardiff 028B,W01001719,23,474,0,220,23,477,Y,28,23,29,39,12,30,24,162,4,584,3,236,1,111,101,0,Y
Cardiff 028C,W01001720,34,298,2,33,36,280,Y,19,87,36,21,8,45,41,40,17,130,45,41,2,67,168,0,N
Cardiff 028D,W01001722,8,721,0,220,8,723,Y,16,131,11,248,8,45,15,362,6,453,0,428,0,293,56,0,Y
Cardiff 028E,W01001726,8,721,1,79,9,708,Y,6,465,27,45,5,76,12,441,12,216,1,319,0,293,63,0,Y
Cardiff 029A,W01001822,30,352,0,220,30,358,Y,24,40,15,155,1,225,11,473,39,29,14,118,0,293,104,0,Y
Cardiff 029B,W01001823,7,741,0,220,7,742,Y,12,213,9,332,1,225,4,707,6,453,0,428,2,67,34,0,Y
Cardiff 029C,W01001824,14,613,2,33,16,583,Y,15,146,29,39,7,58,16,342,8,350,4,213,1,111,80,0,Y
Cardiff 029D,W01001825,49,153,2,33,51,146,Y,37,11,54,8,9,41,29,103,119,5,195,7,7,21,450,0,N
Cardiff 030A,W01001831,44,195,1,79,45,192,Y,11,248,11,248,7,58,24,162,15,153,94,18,1,111,163,0,N
Cardiff 030B,W01001836,27,392,1,79,28,385,Y,24,40,34,25,1,225,15,362,8,350,0,428,1,111,83,0,Y
Cardiff 030C,W01001837,37,265,1,79,38,261,Y,13,187,30,35,11,34,20,237,10,278,0,428,1,111,85,0,Y
Cardiff 030D,W01001838,14,613,0,220,14,620,Y,9,307,19,103,8,45,11,473,9,312,0,428,0,293,56,0,Y
Cardiff 030E,W01001839,17,566,0,220,17,567,Y,5,529,15,155,1,225,16,342,10,278,22,86,1,111,70,0,Y
Cardiff 031A,W01001750,71,52,0,220,71,52,Y,11,248,15,155,0,419,15,362,17,130,8,161,1,111,67,0,Y
Cardiff 031B,W01001752,24,455,2,33,26,414,Y,6,465,7,426,0,419,8,564,7,394,44,45,0,293,72,0,Y
Cardiff 031C,W01001753,56,104,1,79,57,106,Y,5,529,14,177,2,146,14,382,3,646,0,428,0,293,38,0,Y
Cardiff 031D,W01001754,25,431,0,220,25,434,Y,16,131,11,248,1,225,11,473,9,312,0,428,1,111,49,0,Y
Cardiff 032A,W01001721,56,104,2,33,58,101,Y,12,213,22,72,30,8,30,94,20,107,9,153,4,34,127,0,Y
Cardiff 032C,W01001724,18,553,1,79,19,541,Y,8,359,20,93,8,45,34,62,7,394,1,319,3,45,81,0,Y
Cardiff 032D,W01001725,14,613,0,220,14,620,Y,27,26,6,477,3,113,16,342,9,312,0,428,2,67,63,0,Y
Cardiff 032E,W01001922,22,486,1,79,23,477,Y,18,102,16,139,20,14,13,411,24,72,8,161,21,6,120,0,Y
Cardiff 032F,W01001939,798,1,19,1,817,1,N,67,2,71,5,213,1,136,2,439,1,845,1,283,1,2054,0,N
Cardiff 032G,W01001941,527,4,8,4,535,4,N,42,7,35,24,119,2,86,4,359,2,588,2,160,2,1389,0,N
Cardiff 033A,W01001829,58,98,3,21,61,92,Y,12,213,29,39,13,26,24,162,22,95,13,125,10,14,123,0,N
Cardiff 033B,W01001830,53,123,0,220,53,130,Y,22,53,25,53,7,58,19,261,21,100,0,428,2,67,96,0,N
Cardiff 033C,W01001832,53,123,4,13,57,106,Y,13,187,42,13,7,58,34,62,18,123,28,73,3,45,145,0,N
Cardiff 033D,W01001833,19,539,0,220,19,541,Y,5,529,10,291,4,86,11,473,2,712,0,428,0,293,32,0,Y
Cardiff 033E,W01001834,66,65,0,220,66,67,Y,9,307,39,17,9,41,25,145,15,153,0,428,3,45,100,0,Y
Cardiff 033F,W01001835,59,96,3,21,62,85,Y,15,146,38,18,20,14,52,9,52,15,7,174,5,29,189,0,N
Cardiff 034A,W01001858,32,329,0,220,32,332,Y,25,33,74,4,29,9,26,127,30,47,0,428,1,111,185,0,N
Cardiff 034B,W01001859,14,613,0,220,14,620,Y,11,248,4,586,6,67,2,770,5,525,0,428,0,293,28,0,Y
Cardiff 034C,W01001860,30,352,2,33,32,332,Y,14,164,26,48,7,58,23,182,13,193,30,67,0,293,113,0,Y
Cardiff 034D,W01001861,51,145,6,7,57,106,Y,43,6,31,33,15,19,33,67,43,24,56,29,20,8,241,0,N
Cardiff 035A,W01001714,5,774,0,220,5,775,Y,19,87,16,139,4,86,14,382,4,584,0,428,0,293,57,0,Y
Cardiff 035B,W01001715,12,652,0,220,12,655,Y,16,131,12,221,8,45,9,528,10,278,4,213,0,293,59,0,Y
Cardiff 035C,W01001716,44,195,2,33,46,184,Y,22,53,28,43,8,45,21,222,32,42,39,51,2,67,152,0,Y
Cardiff 035D,W01001717,36,275,0,220,36,280,Y,20,77,14,177,1,225,16,342,9,312,0,428,1,111,61,0,Y
Cardiff 036A,W01001694,114,14,4,13,118,14,N,27,26,18,114,8,45,51,11,41,26,34,61,3,45,182,0,N
Cardiff 036B,W01001695,136,11,1,79,137,11,N,12,213,36,21,8,45,48,16,28,55,11,140,5,29,148,0,Y
Cardiff 036C,W01001696,92,25,5,9,97,22,N,13,187,30,35,15,19,41,40,21,100,1,319,8,17,129,0,N
Cardiff 036D,W01001697,38,257,4,13,42,226,Y,12,213,29,39,2,146,26,127,11,244,4,213,0,293,84,0,Y
Cardiff 036E,W01001698,84,33,2,33,86,32,N,18,102,33,26,13,26,31,84,35,34,6,185,8,17,144,0,Y
Cardiff 037A,W01001870,26,410,1,79,27,399,Y,7,405,23,59,3,113,14,382,6,453,3,236,0,293,56,0,Y
Cardiff 037B,W01001871,73,48,0,220,73,50,Y,28,23,26,48,3,113,47,21,26,62,0,428,0,293,130,0,Y
Cardiff 037C,W01001875,70,54,0,220,70,54,N,30,19,57,7,15,19,48,16,34,36,11,140,1,111,196,0,N
Cardiff 037D,W01001876,64,72,0,220,64,77,Y,25,33,19,103,4,86,26,127,14,172,0,428,0,293,88,0,Y
Cardiff 038A,W01001869,11,667,1,79,12,655,Y,6,465,6,477,1,225,9,528,1,757,0,428,0,293,23,0,Y
Cardiff 038B,W01001872,43,206,0,220,43,214,Y,4,594,8,374,3,113,15,362,15,153,50,36,0,293,95,0,Y
Cardiff 038C,W01001873,75,44,1,79,76,43,Y,19,87,40,15,5,76,33,67,21,100,3,236,3,45,124,0,N
Cardiff 038D,W01001874,82,34,2,33,84,34,N,35,14,83,3,10,38,43,32,30,47,8,161,6,24,215,0,N
Cardiff 039A,W01001737,53,123,0,220,53,130,Y,8,359,18,114,0,419,31,84,13,193,4,213,2,67,76,0,Y
Cardiff 039B,W01001738,73,48,0,220,73,50,Y,8,359,11,248,0,419,22,203,7,394,0,428,1,111,49,0,Y
Cardiff 039C,W01001739,42,219,2,33,44,199,Y,6,465,11,248,2,146,23,182,14,172,0,428,0,293,56,0,Y
Cardiff 039D,W01001740,47,165,0,220,47,171,Y,12,213,6,477,4,86,27,113,19,116,0,428,1,111,69,0,Y
Cardiff 039E,W01001741,82,34,0,220,82,35,Y,14,164,8,374,2,146,41,40,11,244,0,428,1,111,77,0,Y
Cardiff 040A,W01001709,44,195,0,220,44,199,Y,16,131,13,199,6,67,19,261,23,86,0,428,3,45,80,0,Y
Cardiff 040B,W01001710,33,313,1,79,34,306,Y,16,131,18,114,3,113,15,362,17,130,7,174,0,293,76,0,Y
Cardiff 040C,W01001711,47,165,0,220,47,171,Y,13,187,19,103,13,26,34,62,48,17,132,13,4,34,263,0,N
Cardiff 040D,W01001712,27,392,1,79,28,385,Y,14,164,22,72,9,41,26,127,15,153,58,25,0,293,144,0,Y
Cardiff 040E,W01001713,61,85,1,79,62,85,Y,8,359,22,72,5,76,31,84,12,216,1,319,1,111,80,0,Y
Cardiff 041A,W01001704,50,147,0,220,50,150,Y,10,272,15,155,4,86,24,162,6,453,0,428,0,293,59,0,Y
Cardiff 041B,W01001706,85,32,0,220,85,33,N,7,405,23,59,4,86,21,222,13,193,1,319,0,293,69,0,Y
Cardiff 041C,W01001707,115,13,7,5,122,13,N,19,87,42,13,14,25,49,15,32,42,38,52,5,29,199,0,N
Cardiff 041D,W01001746,63,79,0,220,63,82,Y,11,248,12,221,4,86,34,62,11,244,6,185,1,111,79,0,Y
Cardiff 042A,W01001855,30,352,2,33,32,332,Y,6,465,13,199,1,225,25,145,6,453,0,428,0,293,51,0,Y
Cardiff 042B,W01001856,101,21,4,13,105,20,N,13,187,22,72,15,19,25,145,24,72,2,274,15,12,116,0,N
Cardiff 042C,W01001857,75,44,1,79,76,43,Y,15,146,21,84,4,86,32,76,30,47,13,125,2,67,117,0,N
Cardiff 042D,W01001862,57,101,3,21,60,98,Y,14,164,23,59,4,86,20,237,18,123,1,319,4,34,84,0,Y
Cardiff 043A,W01001742,54,118,0,220,54,123,Y,7,405,12,221,2,146,25,145,8,350,2,274,0,293,56,0,Y
Cardiff 043B,W01001743,21,502,0,220,21,505,Y,4,594,11,248,5,76,16,342,15,153,8,161,1,111,60,0,Y
Cardiff 043C,W01001744,44,195,0,220,44,199,Y,13,187,7,426,1,225,20,237,10,278,0,428,0,293,51,0,Y
Cardiff 043D,W01001745,10,685,1,79,11,669,Y,9,307,11,248,1,225,19,261,7,394,6,185,0,293,53,0,Y
Cardiff 044A,W01001764,45,184,2,33,47,171,Y,4,594,15,155,1,225,25,145,4,584,0,428,6,24,55,0,Y
Cardiff 044B,W01001765,30,352,0,220,30,358,Y,7,405,11,248,0,419,22,203,9,312,2,274,1,111,52,0,Y
Cardiff 044C,W01001766,42,219,1,79,43,214,Y,6,465,16,139,0,419,22,203,13,193,44,45,2,67,103,0,Y
Cardiff 044D,W01001767,60,91,1,79,61,92,Y,4,594,22,72,8,45,13,411,18,123,4,213,1,111,70,0,Y
Cardiff 044E,W01001768,25,431,0,220,25,434,Y,6,465,3,650,2,146,9,528,10,278,10,149,1,111,41,0,Y
Cardiff 045A,W01001702,48,159,0,220,48,162,Y,7,405,11,248,1,225,22,203,13,193,23,81,0,293,77,0,Y
Cardiff 045B,W01001703,45,184,0,220,45,192,Y,7,405,11,248,2,146,18,286,11,244,0,428,0,293,49,0,Y
Cardiff 045C,W01001705,47,165,0,220,47,171,Y,5,529,2,700,1,225,16,342,13,193,0,428,0,293,37,0,Y
Cardiff 045D,W01001708,67,62,0,220,67,65,Y,13,187,15,155,6,67,33,67,24,72,45,41,3,45,139,0,N
Cardiff 046A,W01001759,24,455,0,220,24,456,Y,39,9,32,30,2,146,16,342,33,38,25,77,5,29,152,0,Y
Cardiff 046B,W01001760,23,474,1,79,24,456,Y,5,529,6,477,2,146,14,382,28,55,0,428,4,34,59,0,Y
Cardiff 046C,W01001761,21,502,0,220,21,505,Y,5,529,5,532,0,419,9,528,11,244,0,428,0,293,30,0,Y
Cardiff 046D,W01001762,53,123,1,79,54,123,Y,17,115,20,93,7,58,27,113,24,72,11,140,1,111,107,0,Y
Cardiff 048A,W01001940,14,613,0,220,14,620,Y,12,213,13,199,4,86,6,632,9,312,5,201,0,293,49,0,Y
Cardiff 048B,W01001943,59,96,5,9,64,77,Y,22,53,36,21,19,16,27,113,40,27,57,26,8,17,209,0,Y
Cardiff 048C,W01001944,11,667,0,220,11,669,Y,3,649,15,155,19,16,5,669,8,350,0,428,0,293,50,0,Y
Cardiff 048D,W01001945,4,787,0,220,4,787,Y,2,707,9,332,2,146,2,770,8,350,7,174,1,111,31,0,Y
Cardiff 048E,W01001947,48,159,0,220,48,162,Y,44,5,44,10,34,6,18,286,78,6,186,8,4,34,408,0,N
Cardiff 049A,W01001699,53,123,7,5,60,98,Y,8,359,8,374,8,45,51,11,10,278,4,213,2,67,91,0,Y
Cardiff 049B,W01001942,81,36,0,220,81,37,Y,3,649,7,426,15,19,31,84,24,72,18,105,3,45,101,0,Y
Cardiff 049C,W01001946,28,380,0,220,28,385,Y,14,164,6,477,4,86,9,528,9,312,0,428,0,293,42,0,Y
Cardiff 049D,W01001950,12,652,1,79,13,639,Y,1,757,2,700,4,86,8,564,3,646,0,428,0,293,18,0,Y
Cardiff 049E,W01001951,27,392,0,220,27,399,Y,16,131,31,33,10,38,16,342,23,86,0,428,1,111,97,0,Y
Cardiff 049F,W01001952,106,18,6,7,112,17,N,18,102,33,26,23,12,48,16,68,10,0,428,19,11,209,0,Y
Carmarthenshire 010A,W01000656,1,817,0,220,1,817,Y,0,795,0,806,0,419,0,819,0,809,0,428,0,293,0,0,Y
Carmarthenshire 010B,W01000657,0,864,0,220,0,864,Y,0,795,0,806,0,419,0,819,1,757,0,428,0,293,1,0,Y
Carmarthenshire 010D,W01000718,2,804,0,220,2,804,Y,0,795,0,806,0,419,0,819,0,809,0,428,0,293,0,0,Y
Carmarthenshire 013A,W01000625,0,864,0,220,0,864,Y,0,795,0,806,0,419,0,819,0,809,0,428,0,293,0,0,Y
Carmarthenshire 013B,W01000626,0,864,0,220,0,864,Y,0,795,0,806,0,419,0,819,0,809,0,428,0,293,0,0,Y
Carmarthenshire 015A,W01000697,0,864,0,220,0,864,Y,0,795,0,806,0,419,1,796,0,809,0,428,0,293,1,0,Y
Carmarthenshire 017A,W01000665,0,864,0,220,0,864,Y,0,795,1,756,0,419,1,796,0,809,0,428,0,293,2,0,Y
Carmarthenshire 017B,W01000666,0,864,0,220,0,864,Y,0,795,1,756,0,419,0,819,0,809,0,428,0,293,1,0,Y
Carmarthenshire 017C,W01000731,1,817,0,220,1,817,Y,0,795,0,806,0,419,0,819,0,809,0,428,0,293,0,0,Y
Carmarthenshire 019C,W01000692,1,817,0,220,1,817,Y,0,795,0,806,0,419,0,819,0,809,0,428,0,293,0,0,Y
Carmarthenshire 022B,W01000704,1,817,0,220,1,817,Y,0,795,0,806,0,419,0,819,0,809,0,428,0,293,0,0,Y
Carmarthenshire 023B,W01000654,1,817,0,220,1,817,Y,0,795,0,806,0,419,0,819,0,809,0,428,0,293,0,0,Y
Carmarthenshire 026E,W01000733,0,864,0,220,0,864,Y,0,795,0,806,0,419,0,819,0,809,0,428,0,293,0,0,Y
Cheltenham 012A,E01022103,1,817,0,220,1,817,Y,0,795,0,806,0,419,0,819,0,809,0,428,0,293,0,0,Y
Cornwall 058B,E01018986,0,864,0,220,0,864,Y,0,795,0,806,0,419,0,819,0,809,0,428,0,293,0,0,Y
East Hampshire 017B,E01022600,1,817,0,220,1,817,Y,0,795,0,806,0,419,0,819,0,809,0,428,0,293,0,0,Y
Herefordshire 023C,E01014049,0,864,0,220,0,864,Y,0,795,0,806,0,419,0,819,0,809,0,428,0,293,0,0,Y
Hounslow 004A,E01002620,0,864,0,220,0,864,Y,0,795,0,806,0,419,0,819,0,809,0,428,0,293,0,0,Y
Kettering 011F,E01027119,1,817,0,220,1,817,Y,0,795,0,806,0,419,0,819,0,809,0,428,0,293,0,0,Y
Leicester 011C,E01013653,1,817,0,220,1,817,Y,0,795,0,806,0,419,0,819,0,809,0,428,0,293,0,0,Y
Merthyr Tydfil 002A,W01001295,34,298,0,220,34,306,Y,22,53,24,57,1,225,33,67,33,38,5,201,1,111,119,0,N
Merthyr Tydfil 002B,W01001296,26,410,0,220,26,414,Y,17,115,21,84,0,419,21,222,15,153,0,428,0,293,74,0,Y
Merthyr Tydfil 002C,W01001297,41,228,3,21,44,199,Y,17,115,23,59,0,419,23,182,43,24,53,31,2,67,161,0,Y
Merthyr Tydfil 002D,W01001298,65,69,0,220,65,73,Y,15,146,18,114,0,419,37,53,35,34,3,236,2,67,110,0,Y
Merthyr Tydfil 002E,W01001310,20,519,0,220,20,521,Y,9,307,16,139,1,225,17,308,6,453,0,428,0,293,49,0,Y
Merthyr Tydfil 002F,W01001311,20,519,0,220,20,521,Y,8,359,3,650,2,146,21,222,5,525,2,274,0,293,41,0,Y
Merthyr Tydfil 003A,W01001291,39,246,1,79,40,241,Y,4,594,11,248,1,225,8,564,7,394,1,319,0,293,32,0,Y
Merthyr Tydfil 003B,W01001294,12,652,0,220,12,655,Y,6,465,4,586,0,419,11,473,6,453,0,428,0,293,27,0,Y
Merthyr Tydfil 003C,W01001305,24,455,0,220,24,456,Y,12,213,15,155,2,146,8,564,6,453,0,428,2,67,45,0,Y
Merthyr Tydfil 003D,W01001306,29,366,0,220,29,369,Y,23,47,19,103,0,419,23,182,21,100,57,26,4,34,147,0,N
Merthyr Tydfil 003E,W01001324,45,184,1,79,46,184,Y,33,15,32,30,0,419,23,182,32,42,2,274,0,293,122,0,N
Merthyr Tydfil 004A,W01001292,58,98,0,220,58,101,Y,21,69,10,291,0,419,24,162,9,312,0,428,0,293,64,0,Y
Merthyr Tydfil 004B,W01001293,63,79,1,79,64,77,Y,12,213,14,177,0,419,35,57,17,130,0,428,1,111,79,0,Y
Merthyr Tydfil 004C,W01001307,74,46,1,79,75,47,Y,15,146,15,155,2,146,38,48,29,50,8,161,6,24,113,0,Y
Merthyr Tydfil 004D,W01001315,142,10,2,33,144,10,N,32,17,28,43,4,86,61,5,65,12,202,6,20,8,412,0,N
Merthyr Tydfil 005A,W01001314,35,284,0,220,35,290,Y,8,359,13,199,1,225,20,237,8,350,11,140,0,293,61,0,Y
Merthyr Tydfil 005B,W01001316,33,313,0,220,33,319,Y,8,359,17,129,0,419,10,501,6,453,0,428,1,111,42,0,Y
Merthyr Tydfil 005C,W01001317,25,431,0,220,25,434,Y,5,529,8,374,0,419,10,501,6,453,0,428,0,293,29,0,Y
Merthyr Tydfil 005D,W01001318,32,329,2,33,34,306,Y,9,307,9,332,0,419,19,261,25,68,50,36,1,111,113,0,Y
Merthyr Tydfil 006A,W01001289,36,275,0,220,36,280,Y,2,707,9,332,0,419,9,528,6,453,0,428,0,293,26,0,Y
Merthyr Tydfil 006B,W01001302,37,265,0,220,37,268,Y,11,248,8,374,1,225,14,382,6,453,3,236,0,293,43,0,Y
Merthyr Tydfil 006C,W01001303,33,313,0,220,33,319,Y,4,594,1,756,1,225,9,528,11,244,1,319,0,293,27,0,Y
Merthyr Tydfil 006D,W01001304,25,431,0,220,25,434,Y,13,187,8,374,1,225,17,308,7,394,1,319,0,293,47,0,Y
Merthyr Tydfil 006E,W01001312,14,613,0,220,14,620,Y,5,529,7,426,0,419,9,528,1,757,5,201,0,293,27,0,Y
Merthyr Tydfil 006F,W01001313,35,284,0,220,35,290,Y,22,53,16,139,1,225,24,162,8,350,5,201,0,293,76,0,Y
Merthyr Tydfil 007A,W01001290,41,228,0,220,41,233,Y,9,307,18,114,0,419,24,162,7,394,3,236,1,111,62,0,Y
Merthyr Tydfil 007B,W01001319,9,705,0,220,9,708,Y,4,594,12,221,1,225,9,528,3,646,0,428,0,293,29,0,Y
Merthyr Tydfil 007C,W01001320,24,455,0,220,24,456,Y,8,359,13,199,0,419,22,203,7,394,2,274,1,111,53,0,Y
Merthyr Tydfil 007D,W01001321,52,135,0,220,52,137,Y,0,795,7,426,0,419,19,261,12,216,0,428,0,293,38,0,Y
Merthyr Tydfil 007E,W01001322,27,392,1,79,28,385,Y,7,405,8,374,0,419,13,411,3,646,3,236,1,111,35,0,Y
Merthyr Tydfil 008A,W01001299,103,19,3,21,106,19,N,19,87,23,59,2,146,47,21,26,62,14,118,2,67,133,0,N
Merthyr Tydfil 008B,W01001300,61,85,0,220,61,92,Y,7,405,9,332,1,225,36,56,8,350,1,319,0,293,62,0,Y
Merthyr Tydfil 008C,W01001301,80,38,1,79,81,37,Y,15,146,8,374,1,225,32,76,15,153,2,274,2,67,75,0,Y
Merthyr Tydfil 008D,W01001308,49,153,1,79,50,150,Y,14,164,13,199,0,419,27,113,15,153,1,319,0,293,70,0,Y
Merthyr Tydfil 008E,W01001309,11,667,0,220,11,669,Y,6,465,6,477,0,419,12,441,6,453,0,428,0,293,30,0,Y
Merthyr Tydfil 008F,W01001898,18,553,0,220,18,556,Y,7,405,8,374,0,419,6,632,3,646,1,319,0,293,25,0,Y
Monmouthshire 006B,W01001556,0,864,0,220,0,864,Y,0,795,0,806,0,419,1,796,0,809,0,428,0,293,1,0,Y
Monmouthshire 009C,W01001578,0,864,0,220,0,864,Y,0,795,0,806,0,419,0,819,0,809,0,428,0,293,0,0,Y
Monmouthshire 010E,W01001589,0,864,0,220,0,864,Y,0,795,0,806,0,419,1,796,0,809,0,428,0,293,1,0,Y
Monmouthshire 010G,W01001908,0,864,0,220,0,864,Y,0,795,0,806,0,419,0,819,0,809,0,428,0,293,0,0,Y
Neath Port Talbot 002A,W01000918,27,392,0,220,27,399,Y,1,757,3,650,0,419,8,564,7,394,1,319,0,293,20,0,Y
Neath Port Talbot 002B,W01000944,19,539,0,220,19,541,Y,4,594,0,806,0,419,7,595,3,646,0,428,0,293,14,0,Y
Neath Port Talbot 002C,W01000965,31,345,0,220,31,352,Y,6,465,3,650,1,225,8,564,2,712,2,274,0,293,22,0,Y
Neath Port Talbot 003A,W01000893,36,275,0,220,36,280,Y,9,307,4,586,0,419,15,362,6,453,1,319,0,293,35,0,Y
Neath Port Talbot 003B,W01000925,25,431,0,220,25,434,Y,9,307,8,374,0,419,16,342,8,350,0,428,0,293,41,0,Y
Neath Port Talbot 003C,W01000926,26,410,0,220,26,414,Y,3,649,2,700,1,225,7,595,1,757,0,428,0,293,14,0,Y
Neath Port Talbot 004A,W01000888,24,455,0,220,24,456,Y,8,359,11,248,1,225,14,382,14,172,14,118,1,111,63,0,Y
Neath Port Talbot 004B,W01000946,27,392,0,220,27,399,Y,12,213,10,291,0,419,8,564,6,453,0,428,0,293,36,0,Y
Neath Port Talbot 004C,W01000947,27,392,0,220,27,399,Y,12,213,18,114,0,419,9,528,7,394,0,428,0,293,46,0,Y
Neath Port Talbot 004D,W01000948,78,40,0,220,78,40,N,22,53,22,72,1,225,45,28,26,62,20,99,2,67,138,0,Y
Neath Port Talbot 004E,W01000955,5,774,0,220,5,775,Y,1,757,6,477,0,419,1,796,3,646,0,428,0,293,11,0,Y
Neath Port Talbot 004F,W01000956,4,787,0,220,4,787,Y,4,594,3,650,0,419,0,819,3,646,0,428,0,293,10,0,Y
Neath Port Talbot 004G,W01000971,10,685,0,220,10,690,Y,7,405,4,586,0,419,2,770,6,453,0,428,0,293,19,0,Y
Neath Port Talbot 005A,W01000887,30,352,0,220,30,358,Y,3,649,5,532,0,419,11,473,1,757,0,428,0,293,20,0,Y
Neath Port Talbot 005B,W01000953,25,431,0,220,25,434,Y,7,405,8,374,0,419,18,286,8,350,0,428,1,111,42,0,Y
Neath Port Talbot 005C,W01000954,14,613,0,220,14,620,Y,2,707,4,586,0,419,5,669,4,584,0,428,0,293,15,0,Y
Neath Port Talbot 005D,W01000970,9,705,0,220,9,708,Y,2,707,2,700,0,419,5,669,5,525,0,428,0,293,14,0,Y
Neath Port Talbot 006A,W01000902,5,774,0,220,5,775,Y,1,757,2,700,0,419,1,796,3,646,0,428,0,293,7,0,Y
Neath Port Talbot 006B,W01000903,3,798,0,220,3,799,Y,3,649,1,756,0,419,2,770,1,757,0,428,0,293,7,0,Y
Neath Port Talbot 006C,W01000904,16,580,0,220,16,583,Y,0,795,2,700,0,419,5,669,0,809,0,428,0,293,7,0,Y
Neath Port Talbot 006D,W01000905,19,539,0,220,19,541,Y,4,594,3,650,0,419,8,564,3,646,0,428,0,293,18,0,Y
Neath Port Talbot 006E,W01000908,13,637,0,220,13,639,Y,2,707,2,700,0,419,8,564,4,584,3,236,0,293,19,0,Y
Neath Port Talbot 007A,W01000906,13,637,0,220,13,639,Y,0,795,3,650,3,113,2,770,3,646,3,236,0,293,14,0,Y
Neath Port Talbot 007B,W01000907,16,580,0,220,16,583,Y,4,594,7,426,0,419,7,595,4,584,0,428,0,293,22,0,Y
Neath Port Talbot 007C,W01000922,29,366,0,220,29,369,Y,5,529,5,532,0,419,11,473,29,50,23,81,1,111,74,0,Y
Neath Port Talbot 007D,W01000923,19,539,0,220,19,541,Y,3,649,7,426,0,419,11,473,7,394,0,428,0,293,28,0,Y
Neath Port Talbot 008A,W01000934,61,85,1,79,62,85,Y,6,465,17,129,2,146,30,94,7,394,11,140,2,67,75,0,Y
Neath Port Talbot 008B,W01000935,76,41,0,220,76,43,Y,7,405,3,650,0,419,17,308,15,153,2,274,3,45,47,0,Y
Neath Port Talbot 008C,W01000938,21,502,0,220,21,505,Y,5,529,7,426,0,419,4,707,14,172,0,428,1,111,31,0,Y
Neath Port Talbot 008D,W01000939,159,8,4,13,163,8,N,17,115,12,221,6,67,52,9,67,11,203,5,20,8,377,0,N
Neath Port Talbot 008E,W01000940,23,474,0,220,23,477,Y,9,307,4,586,1,225,14,382,8,350,0,428,0,293,36,0,Y
Neath Port Talbot 009A,W01000909,25,431,0,220,25,434,Y,6,465,1,756,0,419,4,707,2,712,0,428,0,293,13,0,Y
Neath Port Talbot 009B,W01000910,6,762,0,220,6,763,Y,3,649,1,756,0,419,0,819,1,757,0,428,0,293,5,0,Y
Neath Port Talbot 009C,W01000911,8,721,0,220,8,723,Y,6,465,0,806,0,419,0,819,0,809,0,428,0,293,6,0,Y
Neath Port Talbot 009D,W01000969,5,774,0,220,5,775,Y,5,529,2,700,0,419,0,819,0,809,0,428,0,293,7,0,Y
Neath Port Talbot 010A,W01000912,21,502,2,33,23,477,Y,2,707,10,291,0,419,17,308,3,646,2,274,0,293,34,0,Y
Neath Port Talbot 010B,W01000913,24,455,0,220,24,456,Y,8,359,6,477,0,419,19,261,2,712,3,236,1,111,39,0,Y
Neath Port Talbot 010C,W01000914,26,410,0,220,26,414,Y,7,405,4,586,0,419,13,411,6,453,1,319,0,293,31,0,Y
Neath Port Talbot 010D,W01000915,6,762,0,220,6,763,Y,3,649,9,332,0,419,11,473,3,646,0,428,0,293,26,0,Y
Neath Port Talbot 010E,W01000916,20,519,0,220,20,521,Y,3,649,10,291,1,225,4,707,12,216,4,213,0,293,34,0,Y
Neath Port Talbot 010F,W01000917,48,159,0,220,48,162,Y,16,131,15,155,7,58,17,308,54,14,1,319,1,111,111,0,N
Neath Port Talbot 011A,W01000920,26,410,0,220,26,414,Y,23,47,15,155,1,225,7,595,5,525,0,428,0,293,51,0,Y
Neath Port Talbot 011B,W01000921,32,329,0,220,32,332,Y,6,465,6,477,1,225,13,411,9,312,2,274,0,293,37,0,Y
Neath Port Talbot 011C,W01000924,17,566,0,220,17,567,Y,4,594,3,650,0,419,12,441,4,584,0,428,0,293,23,0,Y
Neath Port Talbot 011D,W01000930,16,580,0,220,16,583,Y,8,359,2,700,0,419,5,669,4,584,0,428,0,293,19,0,Y
Neath Port Talbot 012A,W01000936,28,380,0,220,28,385,Y,6,465,5,532,1,225,19,261,14,172,0,428,0,293,45,0,Y
Neath Port Talbot 012B,W01000941,37,265,0,220,37,268,Y,6,465,2,700,1,225,12,441,5,525,0,428,0,293,26,0,Y
Neath Port Talbot 012C,W01000942,43,206,0,220,43,214,Y,6,465,5,532,0,419,15,362,3,646,0,428,0,293,29,0,Y
Neath Port Talbot 012D,W01000943,18,553,0,220,18,556,Y,9,307,2,700,0,419,4,707,1,757,6,185,0,293,22,0,Y
Neath Port Talbot 013A,W01000894,12,652,0,220,12,655,Y,4,594,10,291,0,419,12,441,5,525,0,428,1,111,32,0,Y
Neath Port Talbot 013B,W01000895,47,165,1,79,48,162,Y,27,26,33,26,2,146,37,53,13,193,17,108,1,111,130,0,Y
Neath Port Talbot 013C,W01000896,32,329,0,220,32,332,Y,14,164,9,332,1,225,18,286,13,193,0,428,0,293,55,0,Y
Neath Port Talbot 013D,W01000897,20,519,0,220,20,521,Y,11,248,19,103,0,419,23,182,9,312,0,428,0,293,62,0,Y
Neath Port Talbot 013E,W01000937,55,112,1,79,56,111,Y,18,102,14,177,3,113,23,182,23,86,22,86,2,67,105,0,Y
Neath Port Talbot 014A,W01000898,14,613,0,220,14,620,Y,5,529,7,426,1,225,12,441,4,584,0,428,0,293,29,0,Y
Neath Port Talbot 014B,W01000899,24,455,0,220,24,456,Y,4,594,4,586,0,419,9,528,8,350,0,428,0,293,25,0,Y
Neath Port Talbot 014C,W01000900,25,431,0,220,25,434,Y,9,307,10,291,0,419,23,182,5,525,5,201,0,293,52,0,Y
Neath Port Talbot 014D,W01000901,23,474,0,220,23,477,Y,7,405,4,586,0,419,11,473,2,712,0,428,0,293,24,0,Y
Neath Port Talbot 014E,W01000945,10,685,0,220,10,690,Y,4,594,5,532,0,419,11,473,4,584,0,428,0,293,24,0,Y
Neath Port Talbot 015A,W01000889,19,539,0,220,19,541,Y,12,213,11,248,2,146,17,308,5,525,1,319,1,111,49,0,Y
Neath Port Talbot 015B,W01000890,4,787,0,220,4,787,Y,18,102,9,332,0,419,6,632,1,757,0,428,0,293,34,0,Y
Neath Port Talbot 015C,W01000891,24,455,0,220,24,456,Y,5,529,14,177,2,146,8,564,7,394,1,319,1,111,38,0,Y
Neath Port Talbot 015D,W01000892,13,637,0,220,13,639,Y,22,53,12,221,1,225,10,501,10,278,0,428,0,293,55,0,Y
Neath Port Talbot 016A,W01000883,16,580,0,220,16,583,Y,8,359,13,199,2,146,12,441,15,153,28,73,0,293,78,0,N
Neath Port Talbot 016B,W01000958,53,123,0,220,53,130,Y,16,131,7,426,2,146,20,237,13,193,2,274,0,293,60,0,Y
Neath Port Talbot 016C,W01000961,34,298,1,79,35,290,Y,18,102,8,374,1,225,10,501,9,312,9,153,0,293,55,0,Y
Neath Port Talbot 016D,W01000962,55,112,0,220,55,117,Y,3,649,5,532,3,113,21,222,7,394,3,236,0,293,42,0,Y
Neath Port Talbot 016E,W01000963,39,246,0,220,39,250,Y,7,405,7,426,1,225,23,182,10,278,0,428,0,293,48,0,Y
Neath Port Talbot 016F,W01000964,42,219,0,220,42,226,Y,18,102,11,248,2,146,17,308,13,193,3,236,1,111,65,0,Y
Neath Port Talbot 017A,W01000884,52,135,0,220,52,137,Y,24,40,10,291,11,34,26,127,24,72,107,16,0,293,202,0,N
Neath Port Talbot 017B,W01000885,43,206,0,220,43,214,Y,26,32,14,177,4,86,38,48,13,193,0,428,0,293,95,0,Y
Neath Port Talbot 017C,W01000886,92,25,2,33,94,25,Y,40,8,22,72,15,19,48,16,28,55,8,161,3,45,164,0,Y
Neath Port Talbot 017D,W01000957,33,313,1,79,34,306,Y,18,102,11,248,2,146,25,145,10,278,1,319,1,111,68,0,Y
Neath Port Talbot 017E,W01000959,28,380,1,79,29,369,Y,16,131,15,155,1,225,19,261,10,278,4,213,0,293,65,0,Y
Neath Port Talbot 017F,W01000960,30,352,2,33,32,332,Y,29,22,6,477,6,67,22,203,7,394,4,213,0,293,74,0,Y
Neath Port Talbot 018A,W01000949,19,539,0,220,19,541,Y,10,272,6,477,1,225,7,595,7,394,0,428,0,293,31,0,Y
Neath Port Talbot 018B,W01000950,45,184,0,220,45,192,Y,37,11,20,93,6,67,30,94,25,68,36,56,3,45,157,0,N
Neath Port Talbot 018C,W01000951,111,15,2,33,113,15,Y,51,3,25,53,13,26,47,21,36,33,15,111,7,21,194,0,N
Neath Port Talbot 018D,W01000952,14,613,1,79,15,605,Y,23,47,8,374,2,146,22,203,4,584,0,428,0,293,59,0,Y
Neath Port Talbot 018E,W01000966,22,486,1,79,23,477,Y,11,248,14,177,1,225,11,473,4,584,0,428,0,293,41,0,Y
Neath Port Talbot 019A,W01000932,20,519,0,220,20,521,Y,7,405,6,477,4,86,14,382,24,72,30,67,0,293,85,0,Y
Neath Port Talbot 019B,W01000933,26,410,0,220,26,414,Y,10,272,8,374,1,225,17,308,19,116,0,428,0,293,55,0,Y
Neath Port Talbot 019C,W01000967,55,112,0,220,55,117,Y,19,87,10,291,5,76,17,308,10,278,23,81,2,67,86,0,Y
Neath Port Talbot 019D,W01000968,22,486,0,220,22,491,Y,3,649,9,332,0,419,18,286,12,216,0,428,0,293,42,0,Y
Neath Port Talbot 020A,W01000919,16,580,0,220,16,583,Y,4,594,2,700,1,225,6,632,5,525,0,428,0,293,18,0,Y
Neath Port Talbot 020B,W01000927,27,392,1,79,28,385,Y,12,213,12,221,1,225,6,632,5,525,0,428,0,293,36,0,Y
Neath Port Talbot 020C,W01000928,14,613,3,21,17,567,Y,3,649,4,586,0,419,1,796,6,453,1,319,0,293,15,0,Y
Neath Port Talbot 020D,W01000929,21,502,0,220,21,505,Y,1,757,2,700,1,225,8,564,1,757,0,428,0,293,13,0,Y
Neath Port Talbot 020E,W01000931,17,566,0,220,17,567,Y,5,529,4,586,1,225,10,501,5,525,0,428,1,111,26,0,Y
Neath Port Talbot 020F,W01000973,30,352,0,220,30,358,Y,6,465,10,291,0,419,16,342,4,584,0,428,0,293,36,0,Y
Neath Port Talbot 020G,W01001900,35,284,0,220,35,290,Y,13,187,14,177,1,225,24,162,8,350,15,111,0,293,75,0,Y
Newport 003D,W01001620,0,864,0,220,0,864,Y,0,795,0,806,0,419,0,819,0,809,0,428,0,293,0,0,Y
Newport 004B,W01001640,0,864,0,220,0,864,Y,0,795,0,806,0,419,0,819,0,809,0,428,0,293,0,0,Y
Newport 005D,W01001678,1,817,0,220,1,817,Y,0,795,0,806,0,419,0,819,0,809,0,428,0,293,0,0,Y
Newport 014B,W01001685,0,864,0,220,0,864,Y,0,795,0,806,0,419,0,819,0,809,0,428,0,293,0,0,Y
Newport 017A,W01001629,0,864,0,220,0,864,Y,0,795,0,806,0,419,0,819,0,809,0,428,0,293,0,0,Y
Newport 018B,W01001660,0,864,0,220,0,864,Y,0,795,0,806,0,419,1,796,0,809,0,428,0,293,1,0,Y
Newport 020C,W01001657,2,804,0,220,2,804,Y,1,757,0,806,0,419,1,796,1,757,0,428,1,111,4,0,Y
Newport 020D,W01001658,1,817,0,220,1,817,Y,0,795,0,806,0,419,0,819,0,809,0,428,0,293,0,0,Y
Newport 020E,W01001912,2,804,0,220,2,804,Y,0,795,0,806,0,419,0,819,0,809,0,428,0,293,0,0,Y
Powys 017G,W01001902,1,817,0,220,1,817,Y,0,795,0,806,0,419,0,819,0,809,0,428,0,293,0,0,Y
Powys 020D,W01001897,0,864,0,220,0,864,Y,0,795,0,806,0,419,0,819,0,809,1,319,0,293,1,0,Y
Powys 021A,W01000426,1,817,0,220,1,817,Y,0,795,0,806,0,419,0,819,0,809,0,428,0,293,0,0,Y
Powys 021B,W01000496,2,804,0,220,2,804,Y,0,795,2,700,0,419,0,819,2,712,0,428,0,293,4,0,Y
Powys 021C,W01000502,1,817,0,220,1,817,Y,0,795,0,806,0,419,1,796,0,809,0,428,0,293,1,0,Y
Powys 021D,W01000504,0,864,0,220,0,864,Y,0,795,0,806,0,419,0,819,0,809,0,428,0,293,0,0,Y
Rhondda Cynon Taf 001A,W01001186,27,392,0,220,27,399,Y,2,707,0,806,0,419,8,564,3,646,9,153,0,293,22,0,Y
Rhondda Cynon Taf 001B,W01001187,27,392,0,220,27,399,Y,3,649,5,532,0,419,15,362,1,757,0,428,0,293,24,0,Y
Rhondda Cynon Taf 001C,W01001188,53,123,0,220,53,130,Y,10,272,4,586,0,419,12,441,6,453,2,274,0,293,34,0,Y
Rhondda Cynon Taf 001D,W01001221,40,236,0,220,40,241,Y,6,465,2,700,0,419,26,127,8,350,0,428,0,293,42,0,Y
Rhondda Cynon Taf 001E,W01001222,60,91,0,220,60,98,Y,8,359,4,586,1,225,26,127,8,350,1,319,0,293,48,0,Y
Rhondda Cynon Taf 001F,W01001233,41,228,0,220,41,233,Y,20,77,11,248,0,419,33,67,13,193,0,428,0,293,77,0,Y
Rhondda Cynon Taf 002A,W01001148,88,29,1,79,89,29,N,11,248,14,177,2,146,42,35,38,30,40,49,2,67,149,0,N
Rhondda Cynon Taf 002B,W01001152,28,380,1,79,29,369,Y,7,405,8,374,0,419,10,501,6,453,0,428,0,293,31,0,Y
Rhondda Cynon Taf 002C,W01001153,35,284,0,220,35,290,Y,7,405,6,477,0,419,12,441,6,453,0,428,0,293,31,0,Y
Rhondda Cynon Taf 002D,W01001155,30,352,1,79,31,352,Y,14,164,9,332,1,225,18,286,8,350,30,67,1,111,81,0,Y
Rhondda Cynon Taf 003A,W01001149,25,431,0,220,25,434,Y,7,405,9,332,0,419,8,564,2,712,0,428,0,293,26,0,Y
Rhondda Cynon Taf 003B,W01001150,172,7,1,79,173,7,N,9,307,8,374,1,225,50,13,33,38,31,64,4,34,136,0,N
Rhondda Cynon Taf 003C,W01001151,20,519,0,220,20,521,Y,2,707,1,756,0,419,15,362,2,712,0,428,1,111,21,0,Y
Rhondda Cynon Taf 003D,W01001154,31,345,2,33,33,319,Y,11,248,4,586,0,419,32,76,10,278,0,428,1,111,58,0,Y
Rhondda Cynon Taf 003E,W01001156,10,685,0,220,10,690,Y,1,757,2,700,0,419,1,796,1,757,0,428,0,293,5,0,Y
Rhondda Cynon Taf 004A,W01001147,20,519,0,220,20,521,Y,9,307,1,756,0,419,11,473,4,584,1,319,0,293,26,0,Y
Rhondda Cynon Taf 004B,W01001168,33,313,0,220,33,319,Y,20,77,8,374,1,225,21,222,13,193,1,319,0,293,64,0,Y
Rhondda Cynon Taf 004C,W01001169,68,57,0,220,68,58,Y,20,77,11,248,0,419,24,162,40,27,51,34,0,293,146,0,N
Rhondda Cynon Taf 004D,W01001170,8,721,0,220,8,723,Y,1,757,3,650,0,419,7,595,8,350,0,428,0,293,19,0,Y
Rhondda Cynon Taf 005A,W01001137,81,36,1,79,82,35,Y,21,69,17,129,0,419,40,43,18,123,6,185,1,111,103,0,Y
Rhondda Cynon Taf 005B,W01001138,25,431,0,220,25,434,Y,13,187,9,332,1,225,18,286,14,172,7,174,0,293,62,0,Y
Rhondda Cynon Taf 005C,W01001139,57,101,1,79,58,101,Y,13,187,11,248,1,225,13,411,6,453,1,319,0,293,45,0,Y
Rhondda Cynon Taf 005D,W01001140,29,366,1,79,30,358,Y,9,307,6,477,1,225,18,286,10,278,2,274,1,111,47,0,Y
Rhondda Cynon Taf 005E,W01001141,32,329,0,220,32,332,Y,6,465,6,477,0,419,15,362,3,646,0,428,0,293,30,0,Y
Rhondda Cynon Taf 005F,W01001142,47,165,2,33,49,160,Y,7,405,13,199,1,225,30,94,10,278,4,213,0,293,65,0,Y
Rhondda Cynon Taf 006A,W01001204,42,219,1,79,43,214,Y,7,405,5,532,1,225,11,473,19,116,6,185,1,111,50,0,Y
Rhondda Cynon Taf 006B,W01001205,47,165,1,79,48,162,Y,9,307,10,291,0,419,23,182,8,350,0,428,0,293,50,0,Y
Rhondda Cynon Taf 006C,W01001206,22,486,0,220,22,491,Y,5,529,4,586,0,419,13,411,5,525,0,428,0,293,27,0,Y
Rhondda Cynon Taf 006D,W01001207,50,147,1,79,51,146,Y,13,187,6,477,1,225,25,145,7,394,0,428,1,111,53,0,Y
Rhondda Cynon Taf 006E,W01001208,49,153,1,79,50,150,Y,17,115,9,332,0,419,24,162,9,312,6,185,0,293,65,0,Y
Rhondda Cynon Taf 007A,W01001265,34,298,1,79,35,290,Y,10,272,4,586,1,225,25,145,6,453,18,105,0,293,64,0,Y
Rhondda Cynon Taf 007B,W01001266,35,284,0,220,35,290,Y,4,594,6,477,1,225,21,222,6,453,0,428,0,293,38,0,Y
Rhondda Cynon Taf 007C,W01001267,25,431,0,220,25,434,Y,5,529,4,586,1,225,13,411,7,394,0,428,0,293,30,0,Y
Rhondda Cynon Taf 007D,W01001268,42,219,0,220,42,226,Y,5,529,4,586,0,419,22,203,5,525,1,319,3,45,40,0,Y
Rhondda Cynon Taf 008A,W01001209,49,153,1,79,50,150,Y,11,248,5,532,1,225,31,84,5,525,0,428,0,293,53,0,Y
Rhondda Cynon Taf 008B,W01001210,34,298,0,220,34,306,Y,3,649,1,756,0,419,18,286,6,453,11,140,0,293,39,0,Y
Rhondda Cynon Taf 008C,W01001211,37,265,0,220,37,268,Y,2,707,5,532,0,419,12,441,2,712,0,428,0,293,21,0,Y
Rhondda Cynon Taf 008D,W01001212,32,329,0,220,32,332,Y,2,707,4,586,0,419,14,382,6,453,0,428,0,293,26,0,Y
Rhondda Cynon Taf 009A,W01001175,37,265,0,220,37,268,Y,6,465,4,586,0,419,18,286,6,453,4,213,1,111,39,0,Y
Rhondda Cynon Taf 009B,W01001177,18,553,0,220,18,556,Y,9,307,1,756,1,225,6,632,2,712,0,428,0,293,19,0,Y
Rhondda Cynon Taf 009C,W01001202,68,57,0,220,68,58,Y,21,69,2,700,0,419,35,57,3,646,0,428,0,293,61,0,Y
Rhondda Cynon Taf 009D,W01001203,45,184,0,220,45,192,Y,18,102,9,332,0,419,30,94,11,244,0,428,0,293,68,0,Y
Rhondda Cynon Taf 010A,W01001269,12,652,0,220,12,655,Y,1,757,3,650,1,225,9,528,2,712,7,174,0,293,23,0,Y
Rhondda Cynon Taf 010B,W01001270,24,455,0,220,24,456,Y,4,594,1,756,1,225,14,382,8,350,19,102,1,111,48,0,Y
Rhondda Cynon Taf 010C,W01001271,32,329,0,220,32,332,Y,7,405,9,332,0,419,7,595,13,193,0,428,0,293,36,0,Y
Rhondda Cynon Taf 010D,W01001272,27,392,0,220,27,399,Y,10,272,7,426,0,419,11,473,3,646,0,428,0,293,31,0,Y
Rhondda Cynon Taf 010E,W01001273,35,284,2,33,37,268,Y,6,465,6,477,1,225,17,308,7,394,3,236,1,111,41,0,Y
Rhondda Cynon Taf 011A,W01001213,35,284,0,220,35,290,Y,5,529,2,700,1,225,14,382,5,525,3,236,0,293,30,0,Y
Rhondda Cynon Taf 011B,W01001214,13,637,0,220,13,639,Y,1,757,1,756,1,225,9,528,3,646,0,428,0,293,15,0,Y
Rhondda Cynon Taf 011C,W01001215,58,98,0,220,58,101,Y,21,69,1,756,0,419,24,162,26,62,3,236,0,293,75,0,Y
Rhondda Cynon Taf 011D,W01001216,38,257,1,79,39,250,Y,13,187,4,586,2,146,10,501,8,350,0,428,1,111,38,0,Y
Rhondda Cynon Taf 012A,W01001143,11,667,0,220,11,669,Y,4,594,9,332,0,419,19,261,6,453,0,428,0,293,38,0,Y
Rhondda Cynon Taf 012B,W01001144,54,118,1,79,55,117,Y,6,465,6,477,0,419,19,261,7,394,1,319,0,293,39,0,Y
Rhondda Cynon Taf 012C,W01001145,37,265,0,220,37,268,Y,23,47,8,374,1,225,26,127,6,453,0,428,0,293,64,0,Y
Rhondda Cynon Taf 012D,W01001146,23,474,0,220,23,477,Y,13,187,11,248,2,146,9,528,4,584,1,319,1,111,41,0,Y
Rhondda Cynon Taf 013A,W01001176,44,195,0,220,44,199,Y,12,213,6,477,1,225,21,222,3,646,0,428,0,293,43,0,Y
Rhondda Cynon Taf 013B,W01001274,51,145,0,220,51,146,Y,12,213,5,532,0,419,25,145,9,312,0,428,1,111,52,0,Y
Rhondda Cynon Taf 013C,W01001275,64,72,0,220,64,77,Y,10,272,2,700,0,419,18,286,10,278,3,236,0,293,43,0,Y
Rhondda Cynon Taf 013D,W01001276,34,298,0,220,34,306,Y,17,115,7,426,0,419,25,145,13,193,13,125,1,111,76,0,Y
Rhondda Cynon Taf 014A,W01001200,12,652,0,220,12,655,Y,2,707,6,477,0,419,6,632,3,646,0,428,1,111,18,0,Y
Rhondda Cynon Taf 014B,W01001201,40,236,0,220,40,241,Y,8,359,5,532,0,419,27,113,24,72,71,20,3,45,138,0,Y
Rhondda Cynon Taf 014C,W01001260,44,195,0,220,44,199,Y,3,649,11,248,0,419,10,501,7,394,0,428,0,293,31,0,Y
Rhondda Cynon Taf 014D,W01001285,26,410,0,220,26,414,Y,4,594,4,586,0,419,17,308,4,584,0,428,0,293,29,0,Y
Rhondda Cynon Taf 014E,W01001286,23,474,0,220,23,477,Y,3,649,7,426,0,419,15,362,3,646,1,319,0,293,29,0,Y
Rhondda Cynon Taf 014F,W01001287,16,580,0,220,16,583,Y,8,359,3,650,0,419,12,441,1,757,0,428,0,293,24,0,Y
Rhondda Cynon Taf 014G,W01001288,56,104,1,79,57,106,Y,9,307,5,532,1,225,18,286,12,216,3,236,3,45,51,0,Y
Rhondda Cynon Taf 015A,W01001180,69,55,0,220,69,55,Y,6,465,5,532,0,419,26,127,6,453,1,319,1,111,45,0,Y
Rhondda Cynon Taf 015B,W01001181,21,502,0,220,21,505,Y,4,594,1,756,0,419,19,261,3,646,0,428,2,67,29,0,Y
Rhondda Cynon Taf 015C,W01001282,52,135,0,220,52,137,Y,5,529,4,586,1,225,20,237,3,646,7,174,0,293,40,0,Y
Rhondda Cynon Taf 015D,W01001283,26,410,0,220,26,414,Y,4,594,7,426,0,419,16,342,3,646,0,428,1,111,31,0,Y
Rhondda Cynon Taf 015E,W01001284,5,774,0,220,5,775,Y,1,757,1,756,0,419,3,746,1,757,0,428,0,293,6,0,Y
Rhondda Cynon Taf 016A,W01001166,35,284,0,220,35,290,Y,7,405,8,374,0,419,14,382,4,584,0,428,0,293,33,0,Y
Rhondda Cynon Taf 016B,W01001167,24,455,0,220,24,456,Y,6,465,6,477,1,225,15,362,4,584,1,319,1,111,34,0,Y
Rhondda Cynon Taf 016C,W01001247,43,206,0,220,43,214,Y,8,359,5,532,0,419,17,308,11,244,2,274,0,293,43,0,Y
Rhondda Cynon Taf 016D,W01001248,53,123,1,79,54,123,Y,19,87,12,221,0,419,29,103,12,216,15,111,0,293,87,0,Y
Rhondda Cynon Taf 017A,W01001171,14,613,1,79,15,605,Y,8,359,4,586,1,225,15,362,2,712,0,428,0,293,30,0,Y
Rhondda Cynon Taf 017B,W01001229,40,236,0,220,40,241,Y,3,649,13,199,0,419,18,286,11,244,3,236,0,293,48,0,Y
Rhondda Cynon Taf 017C,W01001230,13,637,0,220,13,639,Y,5,529,7,426,0,419,18,286,8,350,0,428,0,293,38,0,Y
Rhondda Cynon Taf 017D,W01001231,32,329,0,220,32,332,Y,5,529,10,291,0,419,8,564,14,172,8,161,1,111,46,0,Y
Rhondda Cynon Taf 017E,W01001280,44,195,0,220,44,199,Y,7,405,4,586,0,419,13,411,10,278,4,213,0,293,38,0,Y
Rhondda Cynon Taf 017F,W01001281,29,366,0,220,29,369,Y,4,594,2,700,0,419,15,362,5,525,0,428,0,293,26,0,Y
Rhondda Cynon Taf 018A,W01001217,36,275,0,220,36,280,Y,21,69,6,477,0,419,14,382,5,525,1,319,0,293,47,0,Y
Rhondda Cynon Taf 018B,W01001218,46,177,1,79,47,171,Y,8,359,7,426,0,419,27,113,17,130,20,99,0,293,79,0,Y
Rhondda Cynon Taf 018C,W01001219,32,329,0,220,32,332,Y,7,405,5,532,0,419,9,528,5,525,0,428,0,293,26,0,Y
Rhondda Cynon Taf 018D,W01001220,28,380,0,220,28,385,Y,10,272,6,477,2,146,13,411,4,584,1,319,0,293,36,0,Y
Rhondda Cynon Taf 018E,W01001259,34,298,0,220,34,306,Y,22,53,4,586,0,419,11,473,7,394,0,428,0,293,44,0,Y
Rhondda Cynon Taf 018F,W01001261,26,410,0,220,26,414,Y,9,307,7,426,1,225,7,595,6,453,1,319,0,293,31,0,Y
Rhondda Cynon Taf 019A,W01001164,29,366,0,220,29,369,Y,13,187,5,532,0,419,15,362,6,453,0,428,0,293,39,0,Y
Rhondda Cynon Taf 019B,W01001165,33,313,0,220,33,319,Y,5,529,7,426,0,419,20,237,4,584,0,428,0,293,36,0,Y
Rhondda Cynon Taf 019C,W01001256,23,474,1,79,24,456,Y,0,795,3,650,0,419,16,342,0,809,0,428,0,293,19,0,Y
Rhondda Cynon Taf 019D,W01001257,21,502,0,220,21,505,Y,1,757,3,650,1,225,9,528,7,394,0,428,0,293,21,0,Y
Rhondda Cynon Taf 019E,W01001258,39,246,2,33,41,233,Y,6,465,10,291,2,146,29,103,24,72,21,89,0,293,92,0,N
Rhondda Cynon Taf 020A,W01001172,29,366,0,220,29,369,Y,5,529,4,586,0,419,19,261,12,216,23,81,1,111,64,0,Y
Rhondda Cynon Taf 020B,W01001173,56,104,0,220,56,111,Y,6,465,6,477,0,419,17,308,9,312,1,319,0,293,39,0,Y
Rhondda Cynon Taf 020C,W01001174,29,366,1,79,30,358,Y,7,405,2,700,1,225,17,308,5,525,0,428,0,293,32,0,Y
Rhondda Cynon Taf 020D,W01001232,49,153,1,79,50,150,Y,12,213,5,532,0,419,22,203,11,244,15,111,1,111,66,0,Y
Rhondda Cynon Taf 021A,W01001182,144,9,5,9,149,9,N,11,248,11,248,1,225,32,76,15,153,21,89,2,67,93,0,Y
Rhondda Cynon Taf 021B,W01001183,47,165,0,220,47,171,Y,6,465,16,139,1,225,19,261,6,453,0,428,2,67,50,0,Y
Rhondda Cynon Taf 021C,W01001227,10,685,0,220,10,690,Y,5,529,2,700,0,419,4,707,1,757,0,428,0,293,12,0,Y
Rhondda Cynon Taf 021D,W01001228,64,72,2,33,66,67,Y,13,187,9,332,1,225,26,127,23,86,152,9,6,24,230,0,N
Rhondda Cynon Taf 021E,W01001234,23,474,0,220,23,477,Y,8,359,6,477,0,419,10,501,1,757,0,428,0,293,25,0,Y
Rhondda Cynon Taf 021F,W01001235,40,236,0,220,40,241,Y,9,307,3,650,0,419,15,362,8,350,0,428,0,293,35,0,Y
Rhondda Cynon Taf 021G,W01001236,24,455,0,220,24,456,Y,5,529,3,650,0,419,17,308,24,72,1,319,0,293,50,0,Y
Rhondda Cynon Taf 022A,W01001185,46,177,1,79,47,171,Y,7,405,2,700,0,419,12,441,7,394,1,319,0,293,29,0,Y
Rhondda Cynon Taf 022B,W01001237,22,486,0,220,22,491,Y,9,307,2,700,1,225,8,564,4,584,0,428,0,293,24,0,Y
Rhondda Cynon Taf 022C,W01001238,48,159,0,220,48,162,Y,15,146,1,756,2,146,38,48,8,350,0,428,0,293,64,0,Y
Rhondda Cynon Taf 022D,W01001262,33,313,0,220,33,319,Y,10,272,17,129,4,86,13,411,12,216,12,133,1,111,69,0,Y
Rhondda Cynon Taf 022E,W01001263,36,275,1,79,37,268,Y,12,213,11,248,2,146,11,473,11,244,0,428,0,293,47,0,Y
Rhondda Cynon Taf 022F,W01001264,34,298,2,33,36,280,Y,23,47,22,72,4,86,18,286,11,244,1,319,1,111,80,0,Y
Rhondda Cynon Taf 023A,W01001178,24,455,0,220,24,456,Y,2,707,3,650,0,419,6,632,2,712,3,236,0,293,16,0,Y
Rhondda Cynon Taf 023B,W01001179,39,246,0,220,39,250,Y,6,465,7,426,0,419,11,473,4,584,2,274,1,111,31,0,Y
Rhondda Cynon Taf 023C,W01001253,32,329,0,220,32,332,Y,7,405,4,586,0,419,9,528,2,712,1,319,0,293,23,0,Y
Rhondda Cynon Taf 023E,W01001255,50,147,0,220,50,150,Y,6,465,8,374,1,225,47,21,12,216,7,174,0,293,81,0,Y
Rhondda Cynon Taf 023F,W01001914,13,637,0,220,13,639,Y,4,594,7,426,0,419,9,528,3,646,0,428,0,293,23,0,Y
Rhondda Cynon Taf 023G,W01001917,34,298,1,79,35,290,Y,8,359,4,586,0,419,17,308,7,394,3,236,0,293,39,0,Y
Rhondda Cynon Taf 024A,W01001249,25,431,0,220,25,434,Y,15,146,10,291,0,419,14,382,7,394,3,236,0,293,49,0,Y
Rhondda Cynon Taf 024B,W01001250,15,601,0,220,15,605,Y,6,465,5,532,0,419,7,595,9,312,1,319,0,293,28,0,Y
Rhondda Cynon Taf 024C,W01001251,54,118,1,79,55,117,Y,7,405,5,532,0,419,26,127,4,584,2,274,0,293,44,0,Y
Rhondda Cynon Taf 024D,W01001252,16,580,0,220,16,583,Y,3,649,7,426,0,419,6,632,1,757,0,428,0,293,17,0,Y
Rhondda Cynon Taf 025A,W01001162,52,135,0,220,52,137,Y,50,4,33,26,2,146,20,237,23,86,1,319,1,111,130,0,Y
Rhondda Cynon Taf 025B,W01001244,10,685,0,220,10,690,Y,24,40,11,248,3,113,13,411,7,394,3,236,0,293,61,0,Y
Rhondda Cynon Taf 025C,W01001245,14,613,1,79,15,605,Y,25,33,9,332,0,419,2,770,6,453,2,274,0,293,44,0,Y
Rhondda Cynon Taf 025D,W01001246,28,380,0,220,28,385,Y,33,15,12,221,1,225,10,501,4,584,20,99,1,111,81,0,Y
Rhondda Cynon Taf 026A,W01001184,52,135,0,220,52,137,Y,9,307,10,291,1,225,18,286,26,62,66,22,1,111,131,0,N
Rhondda Cynon Taf 026B,W01001239,38,257,0,220,38,261,Y,5,529,2,700,1,225,12,441,10,278,9,153,0,293,39,0,Y
Rhondda Cynon Taf 026C,W01001240,26,410,0,220,26,414,Y,12,213,12,221,1,225,26,127,15,153,2,274,2,67,70,0,Y
Rhondda Cynon Taf 026D,W01001241,20,519,1,79,21,505,Y,9,307,10,291,2,146,12,441,6,453,2,274,0,293,41,0,Y
Rhondda Cynon Taf 027B,W01001196,20,519,0,220,20,521,Y,7,405,2,700,1,225,5,669,3,646,0,428,0,293,18,0,Y
Rhondda Cynon Taf 027C,W01001197,3,798,0,220,3,799,Y,13,187,3,650,0,419,3,746,1,757,0,428,0,293,20,0,Y
Rhondda Cynon Taf 027D,W01001198,6,762,0,220,6,763,Y,1,757,4,586,0,419,2,770,1,757,0,428,0,293,8,0,Y
Rhondda Cynon Taf 027E,W01001199,27,392,0,220,27,399,Y,0,795,4,586,0,419,3,746,4,584,0,428,0,293,11,0,Y
Rhondda Cynon Taf 027F,W01001915,20,519,0,220,20,521,Y,19,87,10,291,0,419,4,707,8,350,0,428,0,293,41,0,Y
Rhondda Cynon Taf 027G,W01001916,7,741,0,220,7,742,Y,3,649,3,650,0,419,2,770,5,525,0,428,0,293,13,0,Y
Rhondda Cynon Taf 028A,W01001157,18,553,0,220,18,556,Y,6,465,8,374,0,419,2,770,1,757,2,274,0,293,19,0,Y
Rhondda Cynon Taf 028B,W01001158,24,455,0,220,24,456,Y,8,359,4,586,0,419,5,669,7,394,0,428,0,293,24,0,Y
Rhondda Cynon Taf 028C,W01001159,13,637,0,220,13,639,Y,5,529,11,248,0,419,5,669,4,584,0,428,0,293,25,0,Y
Rhondda Cynon Taf 028D,W01001277,10,685,0,220,10,690,Y,3,649,4,586,0,419,4,707,5,525,1,319,0,293,17,0,Y
Rhondda Cynon Taf 028E,W01001278,36,275,0,220,36,280,Y,10,272,1,756,1,225,20,237,6,453,4,213,0,293,42,0,Y
Rhondda Cynon Taf 028F,W01001279,36,275,1,79,37,268,Y,8,359,3,650,0,419,13,411,7,394,3,236,0,293,34,0,Y
Rhondda Cynon Taf 029A,W01001160,16,580,1,79,17,567,Y,7,405,4,586,0,419,4,707,1,757,0,428,0,293,16,0,Y
Rhondda Cynon Taf 029B,W01001161,45,184,0,220,45,192,Y,10,272,13,199,1,225,23,182,6,453,1,319,0,293,54,0,Y
Rhondda Cynon Taf 029C,W01001189,37,265,0,220,37,268,Y,5,529,6,477,2,146,12,441,3,646,0,428,0,293,28,0,Y
Rhondda Cynon Taf 029D,W01001190,30,352,0,220,30,358,Y,10,272,12,221,1,225,11,473,14,172,0,428,0,293,48,0,Y
Rhondda Cynon Taf 030A,W01001193,8,721,0,220,8,723,Y,2,707,1,756,0,419,5,669,7,394,21,89,0,293,36,0,Y
Rhondda Cynon Taf 030B,W01001194,10,685,0,220,10,690,Y,5,529,7,426,0,419,7,595,9,312,1,319,0,293,29,0,Y
Rhondda Cynon Taf 030C,W01001195,14,613,0,220,14,620,Y,5,529,5,532,0,419,7,595,3,646,0,428,0,293,20,0,Y
Rhondda Cynon Taf 030D,W01001242,79,39,0,220,79,39,N,6,465,18,114,1,225,32,76,22,95,7,174,0,293,86,0,Y
Rhondda Cynon Taf 030E,W01001243,39,246,0,220,39,250,Y,10,272,6,477,0,419,21,222,27,59,99,17,1,111,164,0,Y
Rhondda Cynon Taf 031A,W01001191,16,580,0,220,16,583,Y,3,649,2,700,0,419,4,707,5,525,0,428,0,293,14,0,Y
Rhondda Cynon Taf 031B,W01001192,16,580,0,220,16,583,Y,2,707,2,700,0,419,4,707,5,525,0,428,0,293,13,0,Y
Rhondda Cynon Taf 031C,W01001223,7,741,0,220,7,742,Y,17,115,0,806,0,419,5,669,1,757,2,274,0,293,25,0,Y
Rhondda Cynon Taf 031D,W01001224,8,721,0,220,8,723,Y,2,707,16,139,1,225,4,707,14,172,1,319,0,293,38,0,Y
Rhondda Cynon Taf 031E,W01001225,6,762,0,220,6,763,Y,8,359,7,426,0,419,8,564,4,584,19,102,0,293,46,0,Y
Rhondda Cynon Taf 031F,W01001226,27,392,0,220,27,399,Y,12,213,10,291,1,225,16,342,6,453,2,274,0,293,47,0,Y
Richmond upon Thames 010D,E01003908,1,817,0,220,1,817,Y,0,795,0,806,0,419,0,819,0,809,0,428,0,293,0,0,Y
Sefton 022D,E01006939,1,817,0,220,1,817,Y,0,795,0,806,0,419,0,819,0,809,0,428,0,293,0,0,Y
Shepway 014B,E01024507,0,864,0,220,0,864,Y,0,795,0,806,0,419,0,819,0,809,0,428,0,293,0,0,Y
South Kesteven 002D,E01026365,1,817,0,220,1,817,Y,0,795,0,806,0,419,0,819,0,809,0,428,0,293,0,0,Y
Swansea 001A,W01000845,35,284,0,220,35,290,Y,3,649,15,155,0,419,14,382,7,394,0,428,0,293,39,0,Y
Swansea 001B,W01000846,56,104,0,220,56,111,Y,3,649,7,426,0,419,23,182,16,145,15,111,1,111,65,0,Y
Swansea 001C,W01000847,16,580,0,220,16,583,Y,6,465,5,532,0,419,5,669,3,646,0,428,1,111,20,0,Y
Swansea 001D,W01000848,25,431,0,220,25,434,Y,2,707,1,756,0,419,6,632,3,646,0,428,1,111,13,0,Y
Swansea 002A,W01000750,27,392,0,220,27,399,Y,1,757,8,374,0,419,7,595,3,646,0,428,0,293,19,0,Y
Swansea 002B,W01000751,9,705,0,220,9,708,Y,10,272,7,426,0,419,5,669,3,646,0,428,0,293,25,0,Y
Swansea 002C,W01000752,38,257,0,220,38,261,Y,10,272,9,332,0,419,12,441,5,525,0,428,1,111,37,0,Y
Swansea 002D,W01000753,42,219,0,220,42,226,Y,3,649,10,291,0,419,8,564,8,350,0,428,0,293,29,0,Y
Swansea 002E,W01000754,32,329,0,220,32,332,Y,14,164,6,477,0,419,20,237,7,394,10,149,0,293,57,0,Y
Swansea 002F,W01000803,26,410,0,220,26,414,Y,2,707,3,650,0,419,13,411,8,350,0,428,0,293,26,0,Y
Swansea 003A,W01000806,22,486,0,220,22,491,Y,10,272,4,586,0,419,5,669,7,394,0,428,0,293,26,0,Y
Swansea 003B,W01000807,14,613,0,220,14,620,Y,3,649,6,477,0,419,7,595,1,757,0,428,0,293,17,0,Y
Swansea 003C,W01000808,34,298,2,33,36,280,Y,6,465,9,332,0,419,20,237,4,584,0,428,1,111,40,0,Y
Swansea 003D,W01000810,53,123,0,220,53,130,Y,16,131,13,199,0,419,24,162,8,350,0,428,0,293,61,0,Y
Swansea 003E,W01000815,17,566,0,220,17,567,Y,2,707,8,374,0,419,9,528,7,394,0,428,0,293,26,0,Y
Swansea 003F,W01000816,56,104,0,220,56,111,Y,9,307,15,155,0,419,14,382,20,107,1,319,1,111,60,0,Y
Swansea 004A,W01000791,19,539,0,220,19,541,Y,2,707,1,756,0,419,12,441,6,453,0,428,0,293,21,0,Y
Swansea 004B,W01000792,15,601,0,220,15,605,Y,2,707,3,650,0,419,1,796,1,757,1,319,0,293,8,0,Y
Swansea 004C,W01000793,21,502,0,220,21,505,Y,0,795,21,84,0,419,11,473,7,394,1,319,0,293,40,0,Y
Swansea 004D,W01000837,13,637,0,220,13,639,Y,10,272,22,72,0,419,17,308,11,244,3,236,0,293,63,0,Y
Swansea 004E,W01000838,18,553,0,220,18,556,Y,19,87,8,374,2,146,16,342,5,525,5,201,0,293,55,0,Y
Swansea 005A,W01000773,94,23,0,220,94,25,Y,27,26,27,45,3,113,42,35,29,50,35,58,4,34,167,0,N
Swansea 005B,W01000774,28,380,0,220,28,385,Y,4,594,9,332,2,146,23,182,4,584,1,319,1,111,44,0,Y
Swansea 005C,W01000841,17,566,0,220,17,567,Y,1,757,2,700,0,419,4,707,1,757,0,428,0,293,8,0,Y
Swansea 005D,W01000842,13,637,0,220,13,639,Y,5,529,3,650,0,419,1,796,1,757,0,428,0,293,10,0,Y
Swansea 005E,W01000843,10,685,0,220,10,690,Y,4,594,2,700,0,419,3,746,1,757,1,319,1,111,12,0,Y
Swansea 005F,W01000844,29,366,0,220,29,369,Y,3,649,4,586,1,225,9,528,5,525,0,428,0,293,22,0,Y
Swansea 006A,W01000795,15,601,0,220,15,605,Y,1,757,10,291,0,419,7,595,3,646,0,428,0,293,21,0,Y
Swansea 006B,W01000796,30,352,0,220,30,358,Y,13,187,4,586,0,419,10,501,6,453,3,236,0,293,36,0,Y
Swansea 006C,W01000800,20,519,0,220,20,521,Y,7,405,8,374,0,419,5,669,6,453,0,428,1,111,27,0,Y
Swansea 006D,W01000801,68,57,0,220,68,58,Y,3,649,9,332,0,419,20,237,8,350,0,428,1,111,41,0,Y
Swansea 007A,W01000784,13,637,0,220,13,639,Y,4,594,7,426,1,225,2,770,6,453,1,319,0,293,21,0,Y
Swansea 007B,W01000785,13,637,0,220,13,639,Y,1,757,6,477,0,419,3,746,1,757,0,428,0,293,11,0,Y
Swansea 007C,W01000786,16,580,0,220,16,583,Y,2,707,9,332,0,419,5,669,1,757,1,319,0,293,18,0,Y
Swansea 007D,W01000802,29,366,0,220,29,369,Y,12,213,11,248,2,146,19,261,9,312,9,153,2,67,64,0,Y
Swansea 007E,W01000877,7,741,0,220,7,742,Y,7,405,7,426,0,419,10,501,4,584,0,428,0,293,28,0,Y
Swansea 007F,W01000878,20,519,0,220,20,521,Y,6,465,1,756,1,225,5,669,11,244,3,236,0,293,27,0,Y
Swansea 008A,W01000809,37,265,1,79,38,261,Y,23,47,9,332,0,419,27,113,14,172,15,111,0,293,88,0,Y
Swansea 008B,W01000811,46,177,0,220,46,184,Y,14,164,14,177,0,419,40,43,4,584,0,428,0,293,72,0,Y
Swansea 008C,W01000812,76,41,1,79,77,41,Y,19,87,13,199,1,225,42,35,23,86,57,26,3,45,158,0,N
Swansea 008D,W01000813,18,553,2,33,20,521,Y,6,465,9,332,1,225,33,67,7,394,2,274,0,293,58,0,Y
Swansea 008E,W01000814,41,228,0,220,41,233,Y,13,187,25,53,2,146,34,62,14,172,0,428,1,111,89,0,N
Swansea 009A,W01000817,71,52,0,220,71,52,Y,22,53,8,374,1,225,37,53,17,130,1,319,0,293,86,0,Y
Swansea 009B,W01000818,47,165,0,220,47,171,Y,7,405,15,155,0,419,18,286,5,525,2,274,1,111,48,0,Y
Swansea 009C,W01000819,11,667,0,220,11,669,Y,2,707,7,426,0,419,3,746,3,646,0,428,0,293,15,0,Y
Swansea 009D,W01000820,30,352,0,220,30,358,Y,9,307,14,177,1,225,22,203,17,130,1,319,1,111,65,0,Y
Swansea 009E,W01000821,22,486,0,220,22,491,Y,2,707,12,221,1,225,29,103,6,453,0,428,0,293,50,0,Y
Swansea 009F,W01000822,12,652,0,220,12,655,Y,4,594,2,700,0,419,7,595,4,584,14,118,0,293,31,0,Y
Swansea 010A,W01000794,47,165,0,220,47,171,Y,30,19,37,19,1,225,27,113,45,21,144,11,1,111,285,0,N
Swansea 010B,W01000797,11,667,0,220,11,669,Y,1,757,1,756,0,419,3,746,2,712,0,428,1,111,8,0,Y
Swansea 010C,W01000798,15,601,0,220,15,605,Y,13,187,4,586,0,419,17,308,4,584,2,274,0,293,40,0,Y
Swansea 010D,W01000799,64,72,1,79,65,73,Y,12,213,11,248,3,113,22,203,9,312,4,213,1,111,62,0,Y
Swansea 011A,W01000830,64,72,1,79,65,73,Y,9,307,10,291,1,225,30,94,12,216,9,153,0,293,71,0,Y
Swansea 011B,W01000832,47,165,1,79,48,162,Y,14,164,14,177,0,419,31,84,17,130,0,428,0,293,76,0,Y
Swansea 011C,W01000833,68,57,0,220,68,58,Y,3,649,14,177,1,225,33,67,8,350,0,428,0,293,59,0,Y
Swansea 011D,W01000834,26,410,3,21,29,369,Y,5,529,9,332,0,419,20,237,6,453,2,274,0,293,42,0,Y
Swansea 011E,W01000836,69,55,0,220,69,55,Y,9,307,5,532,2,146,27,113,47,19,35,58,2,67,127,0,Y
Swansea 012A,W01000759,12,652,2,33,14,620,Y,8,359,2,700,0,419,5,669,5,525,0,428,0,293,20,0,Y
Swansea 012B,W01000777,23,474,0,220,23,477,Y,11,248,11,248,1,225,13,411,7,394,1,319,0,293,44,0,Y
Swansea 012C,W01000778,26,410,1,79,27,399,Y,10,272,24,57,3,113,19,261,11,244,4,213,0,293,71,0,Y
Swansea 012D,W01000779,21,502,0,220,21,505,Y,18,102,10,291,2,146,13,411,2,712,1,319,0,293,46,0,Y
Swansea 013A,W01000760,40,236,1,79,41,233,Y,12,213,14,177,0,419,22,203,25,68,35,58,2,67,110,0,Y
Swansea 013B,W01000761,44,195,0,220,44,199,Y,5,529,17,129,1,225,12,441,22,95,12,133,1,111,70,0,Y
Swansea 013C,W01000762,41,228,2,33,43,214,Y,5,529,8,374,1,225,17,308,8,350,1,319,0,293,40,0,Y
Swansea 013D,W01000831,61,85,2,33,63,82,Y,4,594,13,199,3,113,28,109,11,244,6,185,1,111,66,0,Y
Swansea 013E,W01000835,45,184,1,79,46,184,Y,3,649,11,248,3,113,38,48,13,193,13,125,1,111,82,0,N
Swansea 014A,W01000738,33,313,0,220,33,319,Y,5,529,10,291,0,419,31,84,7,394,1,319,1,111,55,0,Y
Swansea 014B,W01000739,43,206,1,79,44,199,Y,7,405,10,291,1,225,20,237,10,278,2,274,0,293,50,0,Y
Swansea 014C,W01000740,15,601,1,79,16,583,Y,3,649,1,756,0,419,6,632,6,453,0,428,0,293,16,0,Y
Swansea 014D,W01000741,50,147,0,220,50,150,Y,9,307,7,426,1,225,22,203,24,72,89,19,3,45,155,0,N
Swansea 015A,W01000763,29,366,1,79,30,358,Y,1,757,9,332,1,225,6,632,8,350,0,428,1,111,26,0,Y
Swansea 015B,W01000764,46,177,1,79,47,171,Y,6,465,20,93,1,225,20,237,13,193,42,48,1,111,103,0,Y
Swansea 015C,W01000765,17,566,1,79,18,556,Y,12,213,1,756,0,419,12,441,6,453,27,75,0,293,58,0,Y
Swansea 015D,W01000766,17,566,0,220,17,567,Y,7,405,18,114,0,419,16,342,2,712,2,274,0,293,45,0,Y
Swansea 015E,W01000767,35,284,3,21,38,261,Y,8,359,22,72,3,113,28,109,7,394,8,161,0,293,76,0,Y
Swansea 016A,W01000742,73,48,2,33,75,47,Y,20,77,11,248,1,225,39,46,20,107,11,140,4,34,106,0,Y
Swansea 016B,W01000744,43,206,0,220,43,214,Y,11,248,13,199,2,146,35,57,12,216,4,213,2,67,79,0,Y
Swansea 016C,W01000787,35,284,2,33,37,268,Y,17,115,18,114,0,419,47,21,11,244,0,428,1,111,94,0,N
Swansea 016D,W01000788,43,206,1,79,44,199,Y,15,146,18,114,2,146,38,48,20,107,2,274,5,29,100,0,Y
Swansea 016E,W01000789,53,123,0,220,53,130,Y,9,307,15,155,6,67,26,127,17,130,0,428,0,293,73,0,Y
Swansea 016F,W01000790,41,228,1,79,42,226,Y,9,307,10,291,1,225,13,411,8,350,6,185,0,293,47,0,Y
Swansea 017A,W01000755,33,313,0,220,33,319,Y,13,187,17,129,0,419,28,109,13,193,47,39,0,293,118,0,Y
Swansea 017B,W01000756,60,91,4,13,64,77,Y,16,131,20,93,1,225,27,113,12,216,1,319,0,293,77,0,Y
Swansea 017C,W01000757,30,352,1,79,31,352,Y,12,213,18,114,0,419,25,145,9,312,2,274,1,111,67,0,Y
Swansea 017D,W01000758,32,329,0,220,32,332,Y,15,146,17,129,0,419,17,308,8,350,0,428,1,111,58,0,Y
Swansea 018A,W01000772,7,741,0,220,7,742,Y,12,213,10,291,0,419,2,770,1,757,1,319,0,293,26,0,Y
Swansea 018B,W01000828,2,804,0,220,2,804,Y,4,594,3,650,0,419,7,595,2,712,0,428,0,293,16,0,Y
Swansea 018C,W01000829,20,519,0,220,20,521,Y,9,307,12,221,1,225,13,411,11,244,0,428,0,293,46,0,Y
Swansea 019A,W01000862,65,69,1,79,66,67,Y,4,594,3,650,0,419,17,308,9,312,1,319,1,111,35,0,Y
Swansea 019B,W01000863,33,313,0,220,33,319,Y,11,248,11,248,0,419,12,441,7,394,0,428,0,293,41,0,Y
Swansea 019C,W01000864,64,72,1,79,65,73,Y,8,359,7,426,2,146,40,43,12,216,1,319,0,293,70,0,Y
Swansea 019D,W01000865,21,502,0,220,21,505,Y,1,757,1,756,0,419,6,632,4,584,3,236,0,293,15,0,Y
Swansea 019E,W01000866,44,195,1,79,45,192,Y,3,649,15,155,0,419,27,113,4,584,0,428,1,111,50,0,Y
Swansea 019F,W01000867,41,228,0,220,41,233,Y,7,405,2,700,1,225,22,203,7,394,0,428,1,111,40,0,Y
Swansea 020A,W01000768,8,721,0,220,8,723,Y,4,594,9,332,0,419,4,707,3,646,0,428,0,293,20,0,Y
Swansea 020B,W01000769,4,787,0,220,4,787,Y,0,795,6,477,0,419,5,669,1,757,0,428,0,293,12,0,Y
Swansea 020C,W01000770,11,667,0,220,11,669,Y,2,707,4,586,0,419,5,669,6,453,2,274,0,293,19,0,Y
Swansea 020D,W01000771,7,741,0,220,7,742,Y,7,405,6,477,0,419,6,632,3,646,0,428,0,293,22,0,Y
Swansea 021A,W01000849,40,236,1,79,41,233,Y,19,87,7,426,1,225,25,145,10,278,1,319,1,111,64,0,Y
Swansea 021B,W01000850,86,30,1,79,87,30,Y,9,307,10,291,19,16,26,127,29,50,4,213,1,111,98,0,N
Swansea 021C,W01000851,26,410,0,220,26,414,Y,2,707,2,700,0,419,10,501,1,757,0,428,0,293,15,0,Y
Swansea 021D,W01000852,34,298,0,220,34,306,Y,6,465,8,374,0,419,16,342,13,193,1,319,1,111,45,0,Y
Swansea 022A,W01000853,43,206,0,220,43,214,Y,12,213,12,221,0,419,10,501,11,244,0,428,0,293,45,0,Y
Swansea 022B,W01000854,9,705,0,220,9,708,Y,4,594,23,59,0,419,4,707,4,584,0,428,0,293,35,0,Y
Swansea 022C,W01000855,10,685,1,79,11,669,Y,5,529,12,221,0,419,8,564,3,646,0,428,0,293,28,0,Y
Swansea 022D,W01000856,36,275,0,220,36,280,Y,8,359,6,477,0,419,14,382,15,153,14,118,0,293,57,0,Y
Swansea 022E,W01000857,14,613,0,220,14,620,Y,11,248,10,291,1,225,8,564,1,757,0,428,1,111,32,0,Y
Swansea 023B,W01000781,7,741,0,220,7,742,Y,4,594,1,756,0,419,2,770,4,584,0,428,1,111,12,0,Y
Swansea 023C,W01000782,4,787,0,220,4,787,Y,2,707,8,374,0,419,7,595,1,757,0,428,0,293,18,0,Y
Swansea 023E,W01001956,19,539,0,220,19,541,Y,17,115,7,426,0,419,6,632,5,525,24,79,0,293,59,0,Y
Swansea 024A,W01000747,53,123,1,79,54,123,Y,25,33,23,59,4,86,24,162,17,130,1,319,1,111,95,0,Y
Swansea 024B,W01000868,8,721,0,220,8,723,Y,8,359,19,103,1,225,14,382,3,646,0,428,0,293,45,0,Y
Swansea 024C,W01000869,28,380,1,79,29,369,Y,25,33,23,59,2,146,19,261,12,216,22,86,0,293,103,0,Y
Swansea 024D,W01000870,21,502,1,79,22,491,Y,9,307,9,332,6,67,7,595,9,312,1,319,0,293,41,0,Y
Swansea 024E,W01000872,10,685,0,220,10,690,Y,15,146,18,114,1,225,8,564,5,525,0,428,0,293,47,0,Y
Swansea 024F,W01000874,24,455,0,220,24,456,Y,25,33,14,177,10,38,16,342,15,153,18,105,3,45,101,0,Y
Swansea 025B,W01000745,225,5,4,13,229,5,N,36,13,19,103,11,34,61,5,77,7,138,12,22,5,364,0,N
Swansea 025C,W01000746,45,184,1,79,46,184,Y,12,213,19,103,4,86,25,145,11,244,2,274,1,111,74,0,Y
Swansea 025E,W01001938,124,12,0,220,124,12,N,9,307,10,291,25,11,21,222,74,8,1,319,21,6,161,0,Y
Swansea 025F,W01001955,560,2,9,3,569,3,N,38,10,44,10,36,5,129,3,197,4,459,3,58,3,961,0,N
Swansea 025G,W01001957,46,177,0,220,46,184,Y,5,529,4,586,8,45,21,222,13,193,26,76,3,45,80,0,Y
Swansea 025H,W01001958,14,613,0,220,14,620,Y,8,359,10,291,22,13,11,473,37,31,21,89,1,111,110,0,Y
Swansea 026A,W01000749,66,65,2,33,68,58,Y,10,272,13,199,3,113,25,145,17,130,6,185,1,111,75,0,Y
Swansea 026B,W01000871,48,159,2,33,50,150,Y,14,164,32,30,11,34,27,113,24,72,4,213,15,12,127,0,Y
Swansea 026C,W01000873,31,345,3,21,34,306,Y,27,26,23,59,8,45,26,127,14,172,0,428,2,67,100,0,Y
Swansea 026D,W01000875,33,313,0,220,33,319,Y,24,40,16,139,5,76,19,261,17,130,5,201,1,111,87,0,Y
Swansea 026E,W01000876,8,721,0,220,8,723,Y,25,33,12,221,0,419,9,528,3,646,0,428,0,293,49,0,Y
Swansea 027A,W01000858,14,613,0,220,14,620,Y,22,53,14,177,0,419,13,411,3,646,5,201,0,293,57,0,Y
Swansea 027B,W01000859,4,787,0,220,4,787,Y,7,405,3,650,0,419,6,632,0,809,0,428,1,111,17,0,Y
Swansea 027C,W01000860,4,787,0,220,4,787,Y,6,465,4,586,2,146,4,707,16,145,0,428,0,293,32,0,Y
Swansea 027D,W01000861,26,410,0,220,26,414,Y,19,87,19,103,34,6,29,103,31,45,8,161,2,67,142,0,N
Swansea 028A,W01000736,8,721,0,220,8,723,Y,5,529,6,477,1,225,5,669,4,584,0,428,0,293,21,0,Y
Swansea 028B,W01000737,7,741,0,220,7,742,Y,1,757,1,756,0,419,4,707,5,525,1,319,0,293,12,0,Y
Swansea 028C,W01000804,14,613,0,220,14,620,Y,3,649,4,586,2,146,3,746,9,312,0,428,2,67,23,0,Y
Swansea 028D,W01000805,1,817,0,220,1,817,Y,3,649,2,700,0,419,1,796,4,584,0,428,0,293,10,0,Y
Swansea 029A,W01000879,7,741,0,220,7,742,Y,4,594,1,756,0,419,3,746,3,646,0,428,0,293,11,0,Y
Swansea 029B,W01000880,9,705,0,220,9,708,Y,3,649,5,532,0,419,2,770,5,525,0,428,0,293,15,0,Y
Swansea 029C,W01000881,20,519,0,220,20,521,Y,1,757,3,650,0,419,17,308,5,525,3,236,0,293,29,0,Y
Swansea 029D,W01000882,31,345,0,220,31,352,Y,4,594,1,756,0,419,17,308,9,312,0,428,0,293,31,0,Y
Swansea 030A,W01000775,17,566,0,220,17,567,Y,17,115,14,177,0,419,5,669,11,244,0,428,2,67,49,0,Y
Swansea 030B,W01000776,12,652,1,79,13,639,Y,6,465,14,177,0,419,7,595,10,278,0,428,0,293,37,0,Y
Swansea 030C,W01000839,4,787,0,220,4,787,Y,3,649,1,756,0,419,3,746,1,757,1,319,0,293,9,0,Y
Swansea 030D,W01000840,2,804,0,220,2,804,Y,1,757,0,806,0,419,4,707,2,712,0,428,0,293,7,0,Y
Swansea 031A,W01000823,3,798,0,220,3,799,Y,3,649,3,650,0,419,1,796,5,525,0,428,0,293,12,0,Y
Swansea 031B,W01000824,7,741,0,220,7,742,Y,11,248,8,374,0,419,16,342,8,350,0,428,0,293,43,0,Y
Swansea 031C,W01000825,22,486,0,220,22,491,Y,8,359,5,532,3,113,4,707,8,350,25,77,1,111,54,0,Y
Swansea 031D,W01000826,11,667,0,220,11,669,Y,18,102,7,426,2,146,3,746,7,394,1,319,1,111,39,0,Y
Swansea 031E,W01000827,7,741,0,220,7,742,Y,7,405,6,477,0,419,13,411,4,584,1,319,0,293,31,0,Y
Swindon 014C,E01015567,1,817,0,220,1,817,Y,0,795,0,806,0,419,0,819,0,809,0,428,0,293,0,0,Y
The Vale of Glamorgan 001A,W01001105,16,580,0,220,16,583,Y,3,649,8,374,0,419,7,595,21,100,3,236,0,293,42,0,Y
The Vale of Glamorgan 001B,W01001127,7,741,0,220,7,742,Y,3,649,3,650,0,419,4,707,12,216,0,428,1,111,23,0,Y
The Vale of Glamorgan 001C,W01001128,5,774,0,220,5,775,Y,2,707,4,586,0,419,7,595,3,646,0,428,0,293,16,0,Y
The Vale of Glamorgan 002A,W01001082,18,553,0,220,18,556,Y,5,529,10,291,2,146,13,411,10,278,21,89,1,111,62,0,Y
The Vale of Glamorgan 002B,W01001083,3,798,0,220,3,799,Y,1,757,0,806,1,225,2,770,5,525,0,428,0,293,9,0,Y
The Vale of Glamorgan 002C,W01001084,22,486,0,220,22,491,Y,6,465,2,700,0,419,8,564,6,453,1,319,0,293,23,0,Y
The Vale of Glamorgan 002D,W01001085,7,741,0,220,7,742,Y,2,707,4,586,0,419,1,796,2,712,0,428,0,293,9,0,Y
The Vale of Glamorgan 003A,W01001113,26,410,0,220,26,414,Y,31,18,19,103,2,146,17,308,27,59,36,56,2,67,134,0,N
The Vale of Glamorgan 003B,W01001119,12,652,0,220,12,655,Y,10,272,4,586,0,419,5,669,11,244,0,428,1,111,31,0,Y
The Vale of Glamorgan 003C,W01001135,25,431,0,220,25,434,Y,14,164,9,332,0,419,6,632,10,278,6,185,0,293,45,0,Y
The Vale of Glamorgan 003D,W01001136,9,705,0,220,9,708,Y,5,529,10,291,0,419,5,669,13,193,31,64,0,293,64,0,Y
The Vale of Glamorgan 004A,W01001075,4,787,0,220,4,787,Y,4,594,2,700,2,146,2,770,0,809,1,319,0,293,11,0,Y
The Vale of Glamorgan 004B,W01001076,22,486,0,220,22,491,Y,6,465,12,221,2,146,5,669,10,278,0,428,1,111,36,0,Y
The Vale of Glamorgan 004C,W01001077,25,431,0,220,25,434,Y,3,649,8,374,0,419,7,595,12,216,0,428,0,293,30,0,Y
The Vale of Glamorgan 004D,W01001078,12,652,0,220,12,655,Y,4,594,3,650,3,113,4,707,4,584,0,428,0,293,18,0,Y
The Vale of Glamorgan 004E,W01001104,50,147,1,79,51,146,Y,10,272,25,53,0,419,14,382,21,100,2,274,1,111,73,0,Y
The Vale of Glamorgan 004F,W01001129,14,613,0,220,14,620,Y,7,405,5,532,1,225,7,595,6,453,0,428,0,293,26,0,Y
The Vale of Glamorgan 005A,W01001116,10,685,0,220,10,690,Y,15,146,6,477,2,146,7,595,11,244,0,428,1,111,42,0,Y
The Vale of Glamorgan 005B,W01001123,19,539,0,220,19,541,Y,3,649,14,177,3,113,14,382,5,525,0,428,0,293,39,0,Y
The Vale of Glamorgan 005C,W01001124,40,236,1,79,41,233,Y,8,359,7,426,2,146,15,362,11,244,1,319,0,293,44,0,Y
The Vale of Glamorgan 005D,W01001125,20,519,2,33,22,491,Y,5,529,11,248,0,419,8,564,11,244,32,63,1,111,68,0,Y
The Vale of Glamorgan 005E,W01001126,43,206,0,220,43,214,Y,9,307,20,93,12,30,12,441,23,86,23,81,0,293,99,0,N
The Vale of Glamorgan 005F,W01001130,6,762,0,220,6,763,Y,3,649,7,426,0,419,10,501,1,757,4,213,0,293,25,0,Y
The Vale of Glamorgan 006A,W01001086,24,455,0,220,24,456,Y,9,307,11,248,2,146,12,441,20,107,4,213,0,293,58,0,Y
The Vale of Glamorgan 006B,W01001087,20,519,0,220,20,521,Y,4,594,4,586,1,225,11,473,2,712,1,319,0,293,23,0,Y
The Vale of Glamorgan 006C,W01001088,25,431,0,220,25,434,Y,2,707,3,650,3,113,20,237,5,525,3,236,0,293,36,0,Y
The Vale of Glamorgan 006D,W01001089,7,741,0,220,7,742,Y,1,757,2,700,0,419,3,746,2,712,0,428,1,111,9,0,Y
The Vale of Glamorgan 006E,W01001090,5,774,0,220,5,775,Y,3,649,6,477,1,225,5,669,2,712,0,428,0,293,17,0,Y
The Vale of Glamorgan 007A,W01001081,42,219,4,13,46,184,Y,11,248,3,650,0,419,19,261,5,525,0,428,0,293,38,0,Y
The Vale of Glamorgan 007B,W01001092,32,329,0,220,32,332,Y,10,272,8,374,0,419,9,528,9,312,6,185,0,293,42,0,Y
The Vale of Glamorgan 007C,W01001094,20,519,0,220,20,521,Y,0,795,2,700,0,419,18,286,3,646,0,428,0,293,23,0,Y
The Vale of Glamorgan 007D,W01001095,76,41,1,79,77,41,Y,9,307,7,426,1,225,44,31,15,153,0,428,0,293,76,0,Y
The Vale of Glamorgan 007E,W01001096,25,431,1,79,26,414,Y,13,187,12,221,1,225,20,237,11,244,0,428,0,293,57,0,Y
The Vale of Glamorgan 007F,W01001097,52,135,1,79,53,130,Y,7,405,6,477,2,146,28,109,16,145,1,319,0,293,60,0,Y
The Vale of Glamorgan 008A,W01001114,4,787,0,220,4,787,Y,6,465,5,532,0,419,4,707,3,646,0,428,1,111,19,0,Y
The Vale of Glamorgan 008B,W01001115,7,741,0,220,7,742,Y,1,757,6,477,0,419,4,707,3,646,0,428,0,293,14,0,Y
The Vale of Glamorgan 008C,W01001131,27,392,2,33,29,369,Y,5,529,2,700,2,146,11,473,6,453,1,319,0,293,27,0,Y
The Vale of Glamorgan 008D,W01001132,12,652,0,220,12,655,Y,5,529,3,650,0,419,2,770,3,646,0,428,0,293,13,0,Y
The Vale of Glamorgan 008E,W01001133,15,601,0,220,15,605,Y,6,465,1,756,0,419,3,746,9,312,0,428,0,293,19,0,Y
The Vale of Glamorgan 008F,W01001134,4,787,0,220,4,787,Y,1,757,8,374,0,419,1,796,3,646,0,428,0,293,13,0,Y
The Vale of Glamorgan 009A,W01001067,33,313,1,79,34,306,Y,2,707,8,374,2,146,24,162,8,350,0,428,0,293,44,0,Y
The Vale of Glamorgan 009B,W01001068,35,284,0,220,35,290,Y,10,272,7,426,3,113,12,441,14,172,1,319,0,293,47,0,Y
The Vale of Glamorgan 009C,W01001070,67,62,1,79,68,58,Y,16,131,8,374,0,419,23,182,19,116,6,185,1,111,73,0,Y
The Vale of Glamorgan 009D,W01001071,38,257,0,220,38,261,Y,2,707,8,374,3,113,27,113,11,244,3,236,2,67,56,0,Y
The Vale of Glamorgan 009E,W01001072,28,380,0,220,28,385,Y,2,707,6,477,0,419,8,564,11,244,0,428,0,293,27,0,Y
The Vale of Glamorgan 010A,W01001091,21,502,0,220,21,505,Y,5,529,5,532,0,419,5,669,7,394,1,319,0,293,23,0,Y
The Vale of Glamorgan 010B,W01001098,8,721,0,220,8,723,Y,2,707,2,700,0,419,14,382,15,153,7,174,0,293,40,0,Y
The Vale of Glamorgan 010C,W01001100,2,804,0,220,2,804,Y,4,594,2,700,0,419,8,564,1,757,0,428,0,293,15,0,Y
The Vale of Glamorgan 010D,W01001103,12,652,0,220,12,655,Y,4,594,6,477,0,419,3,746,7,394,21,89,0,293,41,0,Y
The Vale of Glamorgan 011A,W01001106,6,762,0,220,6,763,Y,5,529,1,756,1,225,2,770,1,757,0,428,0,293,10,0,Y
The Vale of Glamorgan 011B,W01001107,21,502,0,220,21,505,Y,3,649,1,756,3,113,22,203,10,278,16,109,0,293,55,0,Y
The Vale of Glamorgan 011C,W01001109,11,667,1,79,12,655,Y,2,707,3,650,1,225,6,632,3,646,0,428,0,293,15,0,Y
The Vale of Glamorgan 011D,W01001110,16,580,0,220,16,583,Y,8,359,4,586,1,225,10,501,10,278,0,428,0,293,33,0,Y
The Vale of Glamorgan 011E,W01001111,27,392,0,220,27,399,Y,7,405,6,477,1,225,20,237,7,394,1,319,0,293,42,0,Y
The Vale of Glamorgan 011F,W01001112,10,685,1,79,11,669,Y,2,707,1,756,1,225,3,746,1,757,0,428,0,293,8,0,Y
The Vale of Glamorgan 012A,W01001063,56,104,0,220,56,111,Y,20,77,8,374,5,76,32,76,12,216,30,67,1,111,108,0,N
The Vale of Glamorgan 012B,W01001065,63,79,0,220,63,82,Y,19,87,14,177,2,146,45,28,20,107,21,89,0,293,121,0,N
The Vale of Glamorgan 012C,W01001069,86,30,1,79,87,30,Y,17,115,18,114,0,419,50,13,23,86,29,72,7,21,144,0,Y
The Vale of Glamorgan 012E,W01001079,64,72,2,33,66,67,Y,24,40,9,332,2,146,53,8,11,244,3,236,0,293,102,0,N
The Vale of Glamorgan 012F,W01001080,57,101,0,220,57,106,Y,6,465,2,700,1,225,42,35,12,216,4,213,1,111,68,0,Y
The Vale of Glamorgan 012G,W01001910,110,16,3,21,113,15,Y,21,69,27,45,5,76,45,28,63,13,109,15,8,17,278,0,N
The Vale of Glamorgan 012H,W01001911,24,455,0,220,24,456,Y,9,307,4,586,0,419,13,411,9,312,0,428,0,293,35,0,Y
The Vale of Glamorgan 013A,W01001062,16,580,0,220,16,583,Y,5,529,6,477,1,225,9,528,2,712,0,428,0,293,23,0,Y
The Vale of Glamorgan 013B,W01001064,43,206,1,79,44,199,Y,10,272,5,532,1,225,24,162,10,278,0,428,1,111,51,0,Y
The Vale of Glamorgan 013C,W01001093,53,123,1,79,54,123,Y,14,164,8,374,0,419,43,32,9,312,14,118,0,293,88,0,Y
The Vale of Glamorgan 013D,W01001099,23,474,0,220,23,477,Y,6,465,6,477,2,146,14,382,4,584,3,236,0,293,35,0,Y
The Vale of Glamorgan 013E,W01001101,54,118,0,220,54,123,Y,11,248,1,756,0,419,19,261,20,107,1,319,1,111,53,0,Y
The Vale of Glamorgan 013F,W01001102,48,159,0,220,48,162,Y,7,405,21,84,0,419,31,84,17,130,13,125,2,67,91,0,Y
The Vale of Glamorgan 014A,W01001108,21,502,0,220,21,505,Y,2,707,1,756,2,146,8,564,6,453,0,428,1,111,20,0,Y
The Vale of Glamorgan 014B,W01001117,13,637,0,220,13,639,Y,1,757,2,700,0,419,4,707,2,712,1,319,0,293,10,0,Y
The Vale of Glamorgan 014C,W01001118,25,431,0,220,25,434,Y,4,594,5,532,1,225,6,632,10,278,1,319,1,111,28,0,Y
The Vale of Glamorgan 014D,W01001120,11,667,0,220,11,669,Y,2,707,3,650,1,225,4,707,5,525,0,428,0,293,15,0,Y
The Vale of Glamorgan 014E,W01001121,19,539,1,79,20,521,Y,4,594,2,700,0,419,10,501,10,278,3,236,0,293,29,0,Y
The Vale of Glamorgan 014F,W01001122,28,380,0,220,28,385,Y,4,594,6,477,1,225,16,342,4,584,0,428,0,293,31,0,Y
The Vale of Glamorgan 015A,W01001059,46,177,2,33,48,162,Y,3,649,7,426,1,225,20,237,8,350,0,428,1,111,40,0,Y
The Vale of Glamorgan 015B,W01001060,8,721,0,220,8,723,Y,0,795,0,806,0,419,0,819,6,453,0,428,1,111,7,0,Y
The Vale of Glamorgan 015C,W01001061,52,135,0,220,52,137,Y,16,131,23,59,0,419,46,26,33,38,30,67,2,67,150,0,Y
The Vale of Glamorgan 015D,W01001066,44,195,0,220,44,199,Y,15,146,13,199,4,86,19,261,14,172,15,111,0,293,80,0,Y
The Vale of Glamorgan 015E,W01001073,74,46,2,33,76,43,Y,14,164,23,59,2,146,42,35,29,50,1,319,2,67,113,0,Y
Torfaen 001C,W01001489,0,864,0,220,0,864,Y,0,795,0,806,0,419,0,819,0,809,0,428,0,293,0,0,Y
Torfaen 002A,W01001482,0,864,0,220,0,864,Y,0,795,0,806,0,419,0,819,0,809,0,428,0,293,0,0,Y
Torfaen 003C,W01001530,1,817,0,220,1,817,Y,0,795,0,806,0,419,0,819,0,809,0,428,0,293,0,0,Y
Torfaen 007B,W01001520,1,817,0,220,1,817,Y,0,795,0,806,0,419,0,819,0,809,0,428,0,293,0,0,Y
Torfaen 008B,W01001494,0,864,0,220,0,864,Y,0,795,0,806,0,419,0,819,0,809,0,428,0,293,0,0,Y
Torfaen 011A,W01001497,0,864,0,220,0,864,Y,0,795,0,806,0,419,0,819,0,809,0,428,0,293,0,0,Y
Waltham Forest 007C,E01004381,1,817,0,220,1,817,Y,0,795,0,806,0,419,0,819,0,809,0,428,0,293,0,0,Y
Wellingborough 005A,E01027339,0,864,0,220,0,864,Y,0,795,0,806,0,419,0,819,1,757,0,428,0,293,1,0,Y
West Berkshire 001D,E01016288,1,817,0,220,1,817,Y,0,795,0,806,0,419,0,819,0,809,0,428,0,293,0,0,Y
West Somerset 002A,E01029322,1,817,0,220,1,817,Y,0,795,0,806,0,419,0,819,0,809,0,428,0,293,0,0,Y
Wirral 032D,E01007114,1,817,0,220,1,817,Y,0,795,0,806,0,419,0,819,0,809,0,428,0,293,0,0,Y
Worcester 003A,E01032330,1,817,0,220,1,817,Y,0,795,0,806,0,419,0,819,0,809,0,428,0,293,0,0,Y
